Was beruhigt Hunde sofort?;
Wie erkenne ich das mein Hund unglücklich ist?;
Was bedeutet es wenn ein Hund gähnt?;
Ist nicht Gassi gehen Tierquälerei?;
Wo soll der Hund nachts schlafen?;
Wie erkenne ich ob mein Hund mich respektiert?;
Wie merkt man dass man die Bezugsperson von Hund ist?;
Wie kann man Bindung zum Hund stärken?;
In welchem Alter sind Hunde am schwierigsten?;
Kann ein Hund 2 Bezugspersonen haben?;
Warum ist Trockenfutter schlecht für Hunde?;
Wie merke ich dass mein Hund mich nicht mag?;
Warum Schleppleine und nicht Flexi?;
Warum gähnen Hunde wenn man sie streichelt?;
Wie merkt man das der Hund unglücklich ist?;
Wie bringe ich meinem Hund bei zu kommen wenn ich rufe?;
Wie Hundebegegnungen üben?;
Wie bleibt Hund ohne Leine bei mir?;
Was macht einen Hund müde?;
Was Hunde an Menschen nicht mögen?;
Was nervt Hunde am meisten?;
Wie trainiere ich den Rückruf?;
Welcher Hund kann den ganzen Tag alleine bleiben?;
Wie sollte ein Tagesablauf von einem Hund sein?;
Was bedeutet es wenn der Hund die Pfote auf einen legt?;
Warum sollte man keine Flexileine benutzen?;
Was kann man gegen Hundegeruch in der Wohnung tun?;
Was soll man den ganzen Tag mit einem Hund machen?;
Wie schläft ein Hund wenn er sich wohl fühlt?;
Wie bestraft man einen Hund wenn er wegläuft?;
Was bedeutet es wenn mein Hund mir auf die Toilette folgt?;
Soll man Hunde Streicheln?;
Wie entscheiden Hunde Wenn Sie mögen?;
Was Hunde gar nicht mögen?;
Wie bringe ich meinem Hund bei bei Fuß zu gehen?;
Warum gähnt ein Hund wenn man ihn streichelt?;
Warum legt mein Hund seinen Kopf auf meinen Fuß?;
Was sollte man mit einem Hund nicht tun?;
Sollte ein Hund mit im Schlafzimmer schlafen?;
Wie zeigt ein Hund vertrauen?;
Wie beruhigt man einen überdrehten Hund?;
Warum bellen Hunde vor der Tür?;
Was passiert wenn eine Frau mit einem Hund schläft?;
Warum keine Zerrspiele mit dem Hund?;
Was ist wenn Hunde während Gassi gehen ständig schnüffeln?;
Wie kann ich mich bei einem Hund entschuldigen?;
Wann ist ein Hund respektlos?;
Sind Hunde lieber allein oder zu zweit?;
Wie oft am Tag Hund beschäftigen?;
Was ist gesünder für Hunde Nassfutter oder Trockenfutter?;
Sollte man Hunde sich verabschieden lassen?;
Was tun wenn der Hund Befehle ignoriert?;
Was bedeutet es wenn Hund Pfote auflegt?;
Was bedeutet es wenn Hund im Bett schläft?;
Welches Wort für Rückruf Hund?;
Warum schaut mich mein Hund die ganze Zeit an?;
Wo ist der Hund am empfindlichsten?;
Sollte man Hunde anschreien?;
Wie kann ich Hundebegegnungen üben?;
Was ist ein Bindungsspaziergang?;
Warum liegen Hunde immer am Fußende?;
Wie trainiert man Rückruf?;
Wie sagt ein Hund Nein?;
Wie kalt darf ein Hund schlafen?;
Soll der Hund rechts oder links gehen?;
Wie viel Gassi ist zu viel?;
Kann ich meinem Hund morgens Trockenfutter und abends Nassfutter geben?;
Warum lehnt sich mein Hund immer bei mir an?;
Was bedeutet es wenn der Hund den Kopf zwischen die Beine steckt?;
Warum geben Hunde Pfötchen beim streicheln?;
Soll man Hund jaulen lassen?;
Warum soll man Hunde nicht auf dem Kopf Streicheln?;
Wie sagt ein Hund danke?;
Was bedeutet es wenn mein Hund sich an mich lehnt?;
Warum sollte man einen schlafenden Hund nicht wecken?;
Wie bringe ich meinen Hund dazu bei Fuß zu gehen?;
Wie bringe ich meinem Hund bei andere Hunde und Menschen zu ignorieren?;
Was ist der aggressivste Hund der Welt?;
Wo ist der beste Hundeplatz in der Wohnung?;
In welchem Alter sind Hunde am schlimmsten?;
Was bedeutet es wenn mein Hund mich leckt?;
In welchem Alter ist ein Hund am anstrengendsten?;
Was tun wenn Hund Rückruf ignoriert?;
Was bedeutet es wenn mein Hund sich zu mir legt?;
Was bedeutet es wenn der Hund meine Hand in den Mund nimmt?;
Wie erkenne ich ob mein Hund glücklich ist?;
Was passiert wenn ein Hund seine Bezugsperson verliert?;
Was hassen Hunde am meisten?;
Was es bedeutet wenn Ihr Hund Ihnen ins Badezimmer folgt?;
Wie kann ich meinem Hund zeigen dass ich ihn beschütze?;
Wo wird ein Hund gerne gestreichelt?;
Was Hunde an ihren Menschen stört?;
Wo mögen es Hunde am liebsten gestreichelt zu werden?;
Was ist einfacher Hündin oder Rüde?;
Was fühlt ein Hund wenn man ihn streichelt?;
Wie zeigt ein Hund seine Dankbarkeit?;
Ist Knurren bei Hunden immer Böse?;
Wie geht ein Bindungsspaziergang?;
Warum sollte man zwei Hunde haben?;
Wie bringt man Hund bei andere Hunde zu ignorieren?;
Haben Hunde Zeitgefühl wenn sie alleine sind?;
Wie zeigt mir mein Hund dass er mir vertraut?;
Wann sollte man abends das letzte mal mit dem Hund raus?;
Wie begrüßt man einen Hund?;
Können Hunde ihren Tod spüren?;
Was bedeutet es wenn der Hund einen Anstupst?;
Wer geht als erstes durch die Tür Hund?;
Wie bekomme ich meinen Hund dazu andere Hunde zu ignorieren?;
Wie zeigt Hund Langeweile?;
Wie zeige ich meinem Hund das ich Alpha bin?;
Warum Hunde abends nicht füttern?;
Wie kann ich meinem Hund beibringen bei Fuß zu gehen?;
Wie lange gilt die 5 Minuten Regel Hund?;
Welche Uhrzeit am besten Hund füttern?;
Wie trainiere ich entspannte Hundebegegnungen?;
Was bedeutet es wenn sich der Hund auf den Rücken legt?;
Was passiert wenn man zu wenig Gassi geht?;
Wie bringe ich meinem Hund bei neben mir zu laufen?;
Warum liegt der Hund immer im Flur?;
Wie begrüßt man morgens seinen Hund richtig?;
Wie bringe ich meinem Hund bei ohne Leine neben mir zu laufen?;
Was bedeutet es wenn mein Hunde seine Pfote auf einen legen?;
Was tun wenn Hund nicht auf Rückruf hört?;
Wie merkt man das der Hund sich wohl fühlt?;
Was ist das Wichtigste für ein Hund?;
Wie laste ich einen Hund geistig aus?;
Warum will mein Hund immer am Bauch gestreichelt werden?;
Was bedeutet es wenn mein Hund mir immer die Pfote auflegt?;
Sollen Hunde im Dunkeln schlafen?;
Warum beißt ein Hund die Menschen die er liebt?;
In welchem Raum lässt man den Hund alleine?;
Was bedeutet es wenn der Hund mich leckt?;
Wie verhält sich ein glücklicher Hund?;
Wie kann man sich bei seinem Hund entschuldigen?;
Sollte der Hund mit im Bett Schlafen?;
Was füttert Martin Rütter seinen Hunden?;
Wie merke ich dass mein Hund mich dominiert?;
Was bedeutet es wenn mein Hund sich vor mir auf den Rücken legt?;
Was bedeutet es wenn ein Hund einen Anstupst?;
Wie viel Nähe zum Hund ist gut?;
Sind Kartoffel für den Hund gesund?;
Bei welchem Futter stinkt der Hund nicht?;
Was mögen Hunde gar nicht essen?;
Kann ein Hund Lächeln?;
Was finden Hunde eklig?;
Wie verabschiedet man sich vom Hund?;
Wie zeigt ein Hund Respekt?;
Was bedeutet es wenn mein Hund neben mir schläft?;
Was bedeutet es wenn der Hund den Bauch zeigt?;
Haben Hunde ein Zeitgefühl wenn sie alleine sind?;
Warum springt mein Hund mich an und schnappt nach mir?;
In welchem Alter sind Hunde am aktivsten?;
Welcher Hund hat ein ruhiges Wesen?;
Wo fühlt sich ein Hund am wohlsten?;
Was macht Hunde unglücklich?;
Was mache ich mit meinem Hund Wenn ich arbeite?;
Wie sagt man einem Hund Ich Liebe dich?;
Wie zeigt ein Hund dass er nicht gestreichelt werden will?;
Wen begrüßt der Hund zuerst?;
Wo schläft der Hund am besten?;
Was ist die anstrengendste Zeit mit Hund?;
Warum verfolgt mich mein Hund auf Schritt und Tritt?;
Wie erkennt man das Hund respektlos ist?;
Wann sollte man abends das letzte Mal mit dem Hund gehen?;
Wie werde ich die Bezugsperson für meinen Hund?;
Wie zeigt sich Frust beim Hund?;
﻿Was ist das Wichtigste bei der Hundeerziehung?;
Welcher Hund ist der Klügste?;
Wie lange vermisst dich ein Hund?;
Bis wann lässt sich ein Hund am besten erziehen?;
Sind Hunde ohne Leine glücklicher?;
Was bedeutet es wenn mein Hund mir auf Schritt und Tritt folgt?;
Wie kann ich mein Hund beschäftigen wenn er alleine ist?;
Wen begrüsst der Hund zuerst?;
Wann langweilt sich ein Hund?;
Wann ist ein Hund unglücklich?;
Welches Hundefutter ist das gesündeste für den Hund?;
Wie merkt man das der Hund gestresst ist?;
Wann hat ein Hund vertrauen?;
Was denkt ein Hund wenn er abgegeben wird?;
Wie viel Hundekontakt braucht ein Hund?;
Was können Hunde nicht leiden?;
Wie zeigt man seinem Hund dass man ihn lieb hat?;
Wie lange ist eine Stunde für einen Hund?;
Wie erkenne ich dass ein Hund weint?;
Wie viele Stunden schlafen Hunde nachts?;
Wie sagt man einem Hund Nein?;
Wo mögen es Hunde gekrault zu werden?;
Warum sollte man einen Hund nicht anschreien?;
Kann man einen Hund mit 3 Jahren noch erziehen?;
Was dürfen Hunde nicht trinken?;
Ist ein Hund an der Leine unglücklich?;
Warum leckt mein Hund mich wenn ich ihn streichel?;
Wo fühlen sich Hunde am wohlsten?;
Wie bringe ich meinen Hund dazu nicht alles zu fressen?;
Was tun wenn Junghund schnappt?;
Wie schläft ein glücklicher Hund?;
Warum sollte man schlafende Hunde nicht wecken?;
Sollte man einen Hund auf den Boden drücken?;
Wo mag der Hund am liebsten gestreichelt werden?;
Warum liegt Hund mit Po zu mir?;
Wie lange dauert es bis ein Hund sein Herrchen vergessen?;
Wie kann ich die Bindung zu meinem Hund stärken?;
Warum darf der Hund nicht im Bett schlafen?;
Wie wichtig ist Kontaktliegen bei Hunden?;
Welche Hunde beißen am häufigsten?;
Wie lernt man einem Hund nicht an der Leine zu ziehen?;
Warum sollte ein Hund nicht im Bett schlafen?;
Wie deckt ein Hund eine Frau?;
Wie merke ich dass ich der Rudelführer bin?;
Wie merke ich das dem Hund zu kalt ist?;
Was bringt es den Hund aus der Hand zu füttern?;
Welche Menschen lieben Hunde?;
Warum kein Schnauzengriff?;
Was bedeutet es wenn der Hund Fiept?;
Wo den Hund tagsüber lassen?;
Wie verhalte ich mich bei Hundebegegnungen?;
Warum leckt mein Hund mich wenn ich ihn Streichel?;
Wie streng darf man mit Hunden sein?;
Wo mögen Hunde nicht gestreichelt werden?;
Sind Haferflocken gut für den Hund?;
Wie lange kann ein 7 Monate Alter Hund alleine bleiben?;
Welchen Geruch mögen Hunde am liebsten?;
Kann ein Hund beleidigt sein?;
Wo sollte ein Hund schlafen Martin Rütter?;
Wie schimpft man einen Hund richtig?;
Wie bestraft man einen Hund wenn er nicht hört?;
Wo laufen Hunde hin wenn sie weglaufen?;
Warum will mein Hund bei mir im Bett Schlafen?;
Warum soll man Hunde nicht ins Gesicht pusten?;
Wie oft Bindungsspaziergang machen?;
Wie bestrafe ich meinen Hund wenn er mich gebissen hat?;
Kann ein Hund Menschen vermissen?;
Kann ein Hund ohne Freilauf glücklich sein?;
Was tun wenn der Hund einem auf Schritt und Tritt folgt?;
Wie viel Hundekontakt braucht Hund?;
Wann ist ein Hund glücklich?;
Wie verbiete ich meinem Hund etwas?;
Warum keine Schleppleine?;
Kann man einen Hund mit 2 Jahren noch erziehen?;
Wie übt man Nein beim Hund?;
Was bedeutet es wenn der Hund am Rücken liegt?;
Was bedeutet es wenn der Hund überall hin folgt?;
Was mache ich mit meinem Hund wenn ich arbeiten muss?;
Wie bringt man einem Hund bitte bitte bei?;
Wo schlafen Hunde am besten?;
Was kann ich tun damit mein Hund ruhiger wird?;
Wie zeige ich meinem Hund das ich der Chef bin?;
Was bedeutet es wenn der Hund gähnt?;
Wann darf der Hund ohne Leine laufen?;
Was spricht gegen Hund im Bett?;
Soll ich meinen Hund nachts zudecken?;
Wann ist es zu spät einen Hund zu erziehen?;
Wie zeigt ein Hund sein Vertrauen?;
Was ist besser für den Hund nass oder Trockenfutter?;
Wann ist die schwierigste Zeit mit Hund?;
Wie lange darf man laut Gesetz einen Hund alleine lassen?;
Sind Hunde gerne zugedeckt?;
Was beruhigt Hunde wenn sie alleine sind?;
Was sollte ein Hund nicht tun?;
Wen liebt ein Hund am meisten?;
In welchem Alter ist die Pubertät am schlimmsten?;
Welche Hunde sind am schwierigsten zu erziehen?;
Soll man sich vom Hund verabschieden wenn man geht?;
Wie lange kann ein Hund aushalten ohne Gassi zu gehen?;
Was darf ein Hund auf keinen Fall?;
Wo wird ein Hund am liebsten gestreichelt?;
Soll der Hund vor oder hinter mir laufen?;
Wie begrüßt man Hunde?;
Welche Regeln sollte ein Hund haben?;
Wo schlafen Hunde nachts am liebsten?;
Warum liegt der Hund immer bei mir?;
Was bedeutet es wenn der Hund sich streckt?;
Wie zeigt ein Hund Vertrauen?;
Warum gähnt mein Hund Wenn ich mit ihm schimpfe?;
Hat ein Hund nur eine Bezugsperson?;
Wie lange Pause zwischen Gassi gehen?;
Wie zeige ich meinem Hund das er mir Vertrauen kann?;
Wie gewöhne ich meinem Hund ab an der Leine zu ziehen?;
Was sieht ein Hund im Spiegel?;
Wie zeige ich meinem Hund Grenzen?;
Was bringt es den Hund zu ignorieren?;
Wie setze ich meinem Hund Grenzen?;
Wie lange schlafen Hunde nachts am Stück?;
Kann man zu viel Gassi gehen?;
Kann ein Hund eifersüchtig sein?;
Wie wichtig ist Kuscheln für Hunde?;
Warum sollten Hunde nicht an der Leine spielen?;
Warum kein Hundekontakt an der Leine?;
Soll ich mich von meinem Hund verabschieden wenn ich gehe?;
Wann muss man morgens mit dem Hund raus?;
Wie lange sollte man einen Hund schnüffeln lassen?;
Was ist der treueste Hund?;
Welche Farbe mögen Hunde nicht?;
Warum nicht an der Leine ziehen Wenn der Hund stehen bleibt?;
Wie sieht ein guter Tagesablauf mit Hund aus?;
Wann soll man das letzte Mal am Abend mit dem Hund gehen?;
Welche Hunde eignen sich für Berufstätige?;
Was bedeutet es wenn der Hund den Kopf auf die Füße legt?;
Wie mache ich meinem Hund klar dass ich der Rudelführer bin?;
Kann man einen Hund falsch hochheben?;
Warum kein Kontakt an der Leine?;
Welche Hunderassen neigen zu Aggression?;
Was ist der gefährlichste Hund Deutschlands?;
Können Hunde verstehen was Menschen sagen?;
Was sind die 7 grundkommandos?;
Warum wedeln Hunde mit der Rute wenn sie sich freuen?;
In welchem Alter sind Hunde am anstrengend?;
Ist Knurren bei Hunden immer böse?;
Kann ein Hund sich langweilen?;
Kann ich meinen Hund 10 Stunden alleine lassen?;
Warum sollte man nicht mit einem Hund im Bett schlafen?;
Warum sollten Hunde an der Leine keinen Kontakt haben?;
Warum macht der Hund nach dem Gassi gehen in die Wohnung?;
Warum neigen Hunde den Kopf wenn man mit ihnen spricht?;
Wann ist die Pubertät am schlimmsten Hund?;
Welche Hunde sind ruhiger?;
Sollte man Hunde nachts zudecken?;
Wie sagt ein Hund Ich Liebe dich?;
Was tun wenn der Hund nur noch nervt?;
Wie zeig ich meinem Hund das ich der Rudelführer bin?;
Warum kein Royal Canin?;
Welche Hunde sind am schwersten zu erziehen?;
Was sind die 7 grundkommandos beim Hund?;
Wie bringe ich meinem Hund den Rückruf bei?;
Wie klappt der Rückruf bei jedem Hund?;
Kann ein Hund 2 Herrchen haben?;
Was nervt Hunde?;
Wie lange kann man einen Hund am Tag alleine lassen?;
Wie oft Gassi gehen wenn man Garten hat?;
Wie zeigt ein Hund dass er glücklich ist?;
Wie bringe ich meinen Hund dazu andere Hunde zu ignorieren?;
Wie oft muss ich mit meinem Hund spielen?;
Warum soll man einem Hund nicht direkt in die Augen schauen?;
Was tun wenn der Hund nicht auf Rückruf reagiert?;
Warum leckt Mein Hund meine Hand wenn ich ihn streichel?;
Wie bringe ich meinem Hund bei Dass er kommt wenn ich ihn rufe?;
In welchem Alter lernt ein Hund am besten?;
Wie trainiere ich die leinenführigkeit?;
Wie trainiere ich den Rückruf beim Hund?;
Warum hört mein Hund draußen nicht auf mich?;
Warum kann mein Hund nicht an anderen Hunden vorbeigehen?;
Was passiert wenn man einem Hund ins Gesicht pustet?;
Wie reagieren Wenn Hund nicht auf Rückruf reagiert?;
Können Hunde TV sehen?;
Was passiert wenn man den Hund ignoriert?;
Wann endet die Flegelphase beim Hund?;
Was kann man in der Hundeerziehung falsch machen?;
Soll man Hunde Anpusten?;
Was passiert wenn ich mit meinem Hund nicht Gassi gehe?;
