Was ist der Unterschied zwischen Paarberatung und Paartherapie?;
Was passiert bei einer Eheberatung Paartherapie?;
Wann macht eine Paartherapie keinen Sinn mehr?;
Wie viel kostet eine Eheberatung?;
Kann eine Eheberatung wirklich helfen?;
Für wen ist eine Paartherapie sinnvoll?;
Wie viele Paare trennen sich nach Paartherapie?;
Welche Fragen stellt der Paartherapeut?;
Wann ist es sinnvoll eine Beziehung zu beenden?;
Wie kann ich eine kaputte Beziehung retten?;
Wann die Ehe aufgeben?;
Kann man Liebe wieder aufbauen?;
Wann ist es richtig sich zu trennen?;
Welche Krankenkasse zahlt Paartherapie?;
Kann man alleine zur Eheberatung?;
Wie kann man wieder zueinander finden?;
Wie oft muss man zur Paartherapie?;
Wie viele Sitzungen Paartherapie?;
Wie wirksam ist eine Paartherapie?;
Was macht man in einer Eheberatung?;
In welcher Phase trennen sich die meisten Paare?;
Wie oft finden getrennte Paare wieder zusammen?;
Kann Abstand die Beziehung retten?;
Wie lange dauert eine Paartherapie?;
Wird eine Eheberatung von der Krankenkasse bezahlt?;
Wie erkenne ich einen guten paartherapeuten?;
Wie merke ich das keine Liebe mehr da ist?;
Welche Beziehungen sind toxisch?;
Was tun wenn man den Partner nicht mehr vertraut?;
Was wenn der Partner kein sexuelles Interesse mehr zeigt?;
Ist eine kaputte Ehe noch zu retten?;
Was sind typische Eheprobleme?;
Wann ist eine Ehe unglücklich?;
Wann lohnt es sich nicht mehr zu kämpfen?;
Warum liebt man plötzlich nicht mehr?;
Wie bringe ich wieder Feuer in die Beziehung?;
Kann die Liebe plötzlich weg sein?;
Wie verhält sich ein Mann vor der Trennung?;
Was sind die häufigsten Trennungsgründe?;
Wann sollte ich mich nicht trennen?;
Kann man eine Paartherapie von der Steuer absetzen?;
Kann man Paartherapie von der Steuer absetzen?;
Wann hat eine Paartherapie keinen Sinn?;
Wann ist es zu spät für eine Paartherapie?;
Wann ist die Liebe vorbei?;
Was sollte man nach der Trennung nicht tun?;
Kann man wirklich jede Beziehung retten?;
Welche Fragen stellt der paartherapeut?;
Was kann ich tun um meine Ehe zu retten?;
Kann man alleine zur Paartherapie gehen?;
Wer trägt die Kosten für eine Paartherapie?;
Wann ist die schwierigste Zeit in einer Beziehung?;
Wann ist es besser sich zu trennen?;
Kann alte Liebe wieder aufleben?;
Kann man nach langer Zeit wieder zueinander finden?;
Wie finde ich heraus ob ich ihn noch Liebe?;
Wie erfolgreich ist eine Paartherapie?;
Was wird bei der Eheberatung gemacht?;
Kann eine Paartherapie eine Beziehung retten?;
Was macht die Liebe kaputt?;
Wann macht eine Beziehung krank?;
Wie reagiert ein toxischer Partner auf Trennung?;
Wie verhält sich ein toxischer Mann?;
Hat eine Beziehung ohne Vertrauen noch Sinn?;
Ist Sexverweigerung ein Scheidungsgrund?;
Wann lässt der Sexualtrieb bei Männern nach?;
Wie merkt man dass die Ehe am Ende ist?;
Wann sollte man die Ehe aufgeben?;
Was versteht man unter toxischer Ehe?;
Was zerstört die Ehe?;
Was sollte man in der Ehe nicht tun?;
Wie erkenne ich ob ich mich trennen sollte?;
Wann ist eine Trennung unausweichlich?;
Sollte man sich trennen Wenn man sich nicht mehr liebt?;
Können Gefühle für den Partner wieder kommen?;
Wann ist es keine Liebe mehr?;
Wie Ehe retten Wenn Gefühle weg?;
Wie erkenne ich dass er mich nicht mehr liebt?;
Wann soll man aufhören zu kämpfen?;
In welchem Alter trennen sich die meisten Paare?;
Für wen ist die Trennung schlimmer?;
Wann hat die Beziehung keine Zukunft mehr?;
Wie verhält sich ein Mann Wenn er sich trennen will?;
Was muss ich als Erstes tun bei einer Trennung?;
Wann lohnt sich noch eine Paartherapie?;
Wer zahlt die Eheberatung?;
Was passiert in der Paartherapie?;
Wie viel kostet ein beziehungscoach?;
Wird Psychotherapie von der AOK bezahlt?;
Was zählt zu den außergewöhnlichen Belastungen?;
Was macht man in einer Familientherapie?;
Wann ist es zu spät Beziehung?;
Was bedeutet wenn sich Paare auseinander leben?;
Wann ist die Ehe nicht mehr zu retten?;
Was ist das Schlimmste nach einer Trennung?;
Wie lange dauert die schlimmste Phase der Trennung?;
Wie lange sollte man nach einer Trennung alleine sein?;
Wann sollte man sich wirklich trennen?;
Wie bereite ich mich auf eine Eheberatung vor?;
Wie merkt man dass die Ehe vorbei ist?;
Welche Fragen kann ich in der Paartherapie stellen?;
Warum will mein Mann nicht zur Paartherapie?;
Wie viel kostet eine Stunde Paartherapie?;
Wie kann ich die Beziehung retten?;
Wird eine Paartherapie von der Krankenkasse bezahlt?;
Wie lange dauert eine Ehekrise?;
Wie läuft eine Paarberatung ab?;
Wann ist man kein Paar mehr?;
Wann ist die Liebe zu Ende?;
In welchem Alter trennen sich die meisten?;
Was tun wenn man körperliche Nähe vermisst?;
Wann hat die Liebe eine zweite Chance?;
Können getrennte Paare wieder zueinander finden?;
Ist eine kaputte Beziehung noch zu retten?;
Kann eine Beziehung nach einer Pause wieder funktionieren?;
Wie kommt die Liebe in einer Beziehung zurück?;
Wie merkt man tiefe Liebe?;
Wie erkennt man die wahre Liebe?;
Wie viele Paare trennen sich nach einer Paartherapie?;
Welche Arten von Paartherapie gibt es?;
Was kann man tun wenn der Partner einen nicht mehr liebt?;
Wie Beziehung retten wenn Partner nicht mehr will?;
Was ist Gift für eine Beziehung?;
Was ärgert toxische Menschen?;
Was sagt man einem Narzissten zum Abschied?;
Wann trennt sich ein toxischer Partner?;
Wie wird man Misstrauen wieder los?;
Wie zerstört man Vertrauen?;
Was ist besser als Vertrauen?;
Wann weiß ich dass die Beziehung keinen Sinn mehr Macht?;
Wie merkt man dass man unglücklich in einer Beziehung ist?;
Kann ein Partner einen psychisch krank machen?;
Ist eine Frau verpflichtet mit ihrem Mann zu schlafen?;
Was ist der größte Scheidungsgrund?;
Was ist eine schwere Eheverfehlung?;
In welchem Alter hat die Frau sexuell am aktivsten?;
Woher kommt sexuelle Unlust bei Männern?;
Was tun wenn man in der Ehe nicht mehr glücklich ist?;
Kann eine schlechte Ehe krank machen?;
Welche Zeit in einer Beziehung ist am schwierigsten?;
Wann ist es zu spät um eine Beziehung zu retten?;
Wann ist es Zeit sich zu trennen Test?;
Wie verhält sich ein Narzisst in der Partnerschaft?;
Wann wird aus Liebe Abneigung?;
Wann ist eine Ehe wirklich am Ende?;
Was ist toxische Ehe?;
Was ist ein no go in einer Beziehung?;
Was ist der beste Weg sich zu trennen?;
Wann lohnt es sich um Ehe zu kämpfen?;
Wie fängt man ein trennungsgespräch an?;
Sollte man sich trennen obwohl man sich liebt?;
Wie trennt man sich obwohl man sich liebt?;
Was sind die 4 Trennungsphasen?;
Wann liebt ein Mann nicht mehr?;
Wie merkt man das man sich trennen sollte?;
Was bewirkt Enthaltsamkeit beim Mann?;
Wie erkenne ich das wir nicht zusammen passen?;
Kann man verlorene Liebe wieder aufbauen?;
Kann man sich entlieben und wieder verlieben?;
Kann eine kaputte Liebe wieder heilen?;
Für wen lohnt sich eine Paartherapie?;
Wie fühlt es sich an nicht mehr geliebt zu werden?;
Wann soll ich sie aufgeben?;
Wann sollte man sich nicht trennen?;
Wie oft kommen Paare wieder zusammen?;
Warum kann ich eine Trennung nicht durchziehen?;
In welcher Jahreszeit gehen die meisten Beziehungen kaputt?;
Wie kann ich testen ob er mich noch liebt?;
Wann weiß ich dass die Beziehung keinen Sinn mehr macht?;
Wie merke ich dass er in eine andere verliebt ist?;
Wann beendet ein Mann eine Beziehung?;
Wie trennt man sich am besten wenn man zusammen wohnt?;
Wer muss bei einer Trennung das Haus verlassen?;
Warum will er keine Paartherapie?;
Was bringt mir eine Eheberatung?;
Wann wird eine Paartherapie bezahlt?;
Was wird bei der Eheberatung besprochen?;
Wird ein Coaching von der Krankenkasse bezahlt?;
Wann lehnt Krankenkasse Therapie ab?;
Wie viele Therapiestunden zahlt die Krankenkasse?;
Was kann man alles ohne Nachweis von der Steuer absetzen?;
Was kann ich bei einer Trennung steuerlich absetzen?;
Wird eine Familientherapie von der Krankenkasse bezahlt?;
Wie lange dauert eine Sitzung in der Familientherapie?;
Wann ist eine Liebe nicht mehr zu retten?;
Wann soll ich mich trennen?;
Wann ist es zu spät für die Ehe?;
Wie sieht eine kaputte Beziehung aus?;
Warum bin ich nur noch genervt von meinem Partner?;
Wie retten ich meine Ehe Wenn Gefühle weg?;
Wann ist eine Ehe toxisch?;
Wann merkt er dass die Trennung ein Fehler war?;
Wie weiß man ob man Partner noch liebt?;
Was man liebt soll man los lassen?;
Was kann man machen wenn der Partner keine Gefühle mehr hat?;
Wie lange hält Liebe nach Trennung?;
Wieso tut Liebe so weh?;
Wie schaffe ich es die Trennung zu akzeptieren?;
Wann leidet ein Mann nach der Trennung?;
Wie schnell vergeht Liebe?;
Was bringt Abstand nach Trennung?;
Was macht eine Ehe kaputt?;
Warum schafft er es nicht sich zu trennen?;
Wann wird Paartherapie von der Krankenkasse bezahlt?;
Wie du eine kaputte Beziehung reparieren?;
Wann halten Ehen am längsten?;
Wann verlässt ein Mann seine Frau für die Geliebte?;
Was wird in einer Eheberatung gemacht?;
Wie merke ich dass die Beziehung kaputt ist?;
Wie erkenne ich ob er sich trennen will?;
Wie verhält sich ein Mann der nicht mehr liebt?;
Welche Berührungen zeigen Liebe?;
Was passiert ohne Zärtlichkeit?;
Was passiert wenn man nicht kuschelt?;
Kann man Liebe wieder aufleben lassen?;
Wie erkenne ich dass meine Ehe am Ende ist?;
Wie verhält sich ein toxischer Partner nach der Trennung?;
Wie kann man sexuell wieder zueinander finden?;
Wie verhalten sich Männer wenn sie sich getrennt haben?;
Wann ist es endgültig vorbei?;
Wie viele Paare kommen nach einer Pause wieder zusammen?;
Wann sollte man eine Beziehung loslassen?;
Wieso trennt man sich trotz Liebe?;
Wo im Körper spürt man Liebe?;
Was spüren Seelenpartner?;
Wie finde ich heraus ob ich ihm wichtig bin?;
Wie fühlt sich tiefe Liebe an?;
Wie ein Mann seine Liebe zeigt?;
Wann liebt eine Frau einen Mann?;
Was passiert in der Eheberatung?;
Was macht die Ehe kaputt?;
Was tun wenn die Liebe in der Ehe weg ist?;
Wie bereitet man sich auf eine Paartherapie vor?;
Was erwarte ich von einer Paartherapie?;
Wann brauche ich eine Eheberatung?;
Wie kann man wieder Nähe aufbauen?;
Was zerstört die Beziehung?;
Wie verhält sich ein toxischer Mann in einer Beziehung?;
Kann man eine unglückliche Ehe retten?;
Was ist das Ziel von toxischen Menschen?;
Wie lange Erholung nach toxischer Beziehung?;
Was ist der Unterschied zwischen toxisch und narzisstisch?;
Welche Sätze verwenden Narzissten?;
Wann zeigt die Narzissten ihr wahres Gesicht?;
Wie bestraft ein Narzisst seinen Partner?;
Woher weiß ich dass ich mich trennen soll?;
Wann ist auch ein Narzisst am Ende?;
Wie löse ich mich von einer ungesunden Beziehung?;
Wer ist anfällig für toxische Beziehung?;
Kann sich ein toxischer Partner wirklich ändern?;
Kann man Vertrauen wieder herstellen?;
Woher kommt ständiges Misstrauen?;
Wie schaffe ich es nicht mehr zu klammern?;
Warum lügt mein Mann mich immer an?;
Kann man Vertrauen in einer Beziehung wieder aufbauen?;
Was passiert wenn man kein Vertrauen mehr hat?;
Was fördert Vertrauen?;
Woher weiß man dass eine Beziehung zu Ende ist?;
Wie merkt man dass man ihn nicht mehr liebt?;
Wann ist die Beziehung nicht mehr zu retten?;
Wann wird eine Beziehung zur Belastung?;
Was sind die ehelichen Pflichten einer Ehefrau?;
Was versteht man unter Eheverfehlung?;
In welchem Alter finden die meisten Scheidungen statt?;
Wann gilt die Ehe als zerrüttet?;
Wann gilt die Ehe als gescheitert?;
Was löst sexuelles Verlangen aus?;
Welches Vitamin fehlt bei sexueller Unlust?;
Was hemmt den Sexualtrieb bei Männern?;
Kann eine Auszeit die Ehe retten?;
Sollte man sich trennen Wenn man unglücklich ist?;
Was sind die häufigsten Scheidungsgründe?;
Was kann man tun um die Ehe zu retten?;
Wann sollte man die Liebe aufgeben?;
Kann die Liebe wieder zurück kommen?;
Wie viele Paare kommen nach einer Trennung wieder zusammen?;
Welche Sätze sagen Narzissten?;
Wie Verhalten sich Narzissten im Bett?;
Wie teste ich einen Narzissten?;
Kann aus Gleichgültigkeit wieder Liebe werden?;
Warum gehen die meisten Ehen kaputt?;
Kann Ehe depressiv machen?;
Warum bin ich so genervt von meinem Partner?;
Was ist der häufigste Grund für Scheidungen?;
Was darf in einer Beziehung nicht fehlen?;
Was zählt wirklich in einer Beziehung?;
Was ist das Minimum in einer Beziehung?;
Wie merkt man dass eine Beziehung zu Ende ist?;
Warum wird die Ehe langweilig?;
Wie viel Prozent der Ehen sind unglücklich?;
Wann ist es besser eine Ehe zu beenden?;
Wie beendet man eine langjährige Ehe?;
Welche Worte sagen eine Trennung voraus?;
Wann ist es zu spät für die Liebe?;
Wann ist es Zeit für eine Paartherapie?;
Warum wird aus Liebe Abneigung?;