Was kann man Katzen zu essen geben ausser Katzenfutter?;
Was ist die beste Ernährung für Katzen?;
Sollten Katzen immer Zugang zu Futter haben?;
Ist es schlimm wenn Katzen nur Trockenfutter essen?;
Was dürfen Katzen auf jeden Fall nicht essen?;
Was dürfen Katzen nicht essen Tabelle?;
Bei welchem Essen können Katzen nicht widerstehen?;
Ist ein rohes Ei gut für Katzen?;
Wie oft sollte man eine Katze am Tag füttern?;
Kann eine Katze vor einem vollen Napf verhungern?;
Warum frisst Katze nur Soße vom Nassfutter?;
Soll man Katzen jeden Tag Nassfutter geben?;
Wo stellt man das Katzenklo am besten hin?;
Wie oft muss eine Katze Stuhlgang haben?;
Warum sollen Katzen kein Trockenfutter bekommen?;
Was ist sofort tödlich für Katzen?;
Soll man Katzen im Bett schlafen lassen?;
Ist Käse schlecht für Katzen?;
Kann eine Katze Brot essen?;
Ist Thunfisch gut für Katzen?;
Was dürfen Katzen im Haushalt essen?;
Sind Katzen beim Essen wählerisch?;
Wie oft sollte man Katzenfutter wechseln?;
Was trinken Katzen am liebsten?;
Kann eine Katze Joghurt essen?;
Sind gekochte Kartoffeln gesund für Katzen?;
Ist Naturjoghurt gut für Katzen?;
Wann letzte Mahlzeit Katze?;
Wann ist die beste Zeit um Katzen zu füttern?;
Wie oft muss ich das Katzenklo sauber machen?;
Wie zeigt eine Katze dass sie Hunger hat?;
Warum legen sich Katzen immer auf etwas drauf?;
Wie lange darf Nassfutter im Napf stehen bleiben?;
Warum Reis in Katzenfutter?;
Wie lange kann man Katzenfutter im Napf stehen lassen?;
Wie viele Tüten Nassfutter pro Tag Katze?;
Was ist besser für die Katze nass oder Trockenfutter?;
Was ist die beste Katzennahrung?;
Ist Trockenfutter besser für Katzen?;
Wie bekomme ich Katzenklo Geruch aus der Wohnung?;
Was kann man machen damit das Katzenklo nicht stinkt?;
Warum Katzenklo ohne Deckel?;
Wie oft muss eine Katze entwurmt werden?;
Wie lange hält eine Katze aus ohne auf die Toilette zu müssen?;
Wie oft am Tag machen Katzen groß?;
Warum empfehlen manche Tierärzte Trockenfutter?;
Welches Katzenfutter macht krank?;
Ist es schlimm wenn eine Katze nur Trockenfutter ist?;
Was hassen Katzen am meisten?;
Wo sterben Katzen am liebsten?;
Warum stinkt meine Katze nach Kot?;
Was ist der größte Liebesbeweis einer Katze?;
Warum leckt und beißt meine Katze mich?;
Warum machen Katzen einen Buckel wenn man sie streichelt?;
Ist Eigelb gut für die Katze?;
Ist Quark für die Katzen gut?;
Wie oft dürfen Katzen Ei essen?;
Welche Wurst dürfen Katzen essen?;
Kann eine Katze Brot Essen?;
Hat die Katze ein Zeitgefühl?;
Sollte man Katzen jeden Tag Nassfutter geben?;
Ist Leitungswasser gut für Katzen?;
Was ist besser für Katzen Milch oder Wasser?;
Kann eine Katze Frischkäse essen?;
Kann ich meiner Katze Reis geben?;
Ist Joghurt gut für die Katze?;
Welcher Joghurt ist für Katzen gesund?;
Sind Kartoffeln gut für Katzen?;
Was fressen die meisten Katzen am liebsten?;
Sollte man Katzen nachts füttern?;
Wie lange sollte man täglich mit Katze spielen?;
Wie oft verhungern Katzen am Tag?;
Warum Katzenklo mit Deckel?;
Was bedeutet es wenn die Katze bei einem im Bett schläft?;
Warum guckt meine Katze mich an und miaut?;
Warum folgt mir meine Katze auf Schritt und Tritt?;
Wie sehen Katzen aus wenn sie traurig sind?;
Wann Nassfutter morgens oder abends?;
Wie oft Nassfutter am Tag?;
Was ist das gesündeste Katzenfutter?;
Was sollte in keinem Katzenfutter nicht drin sein?;
Warum gibt es momentan kein Katzenfutter mehr?;
Welches Katzenfutter ist nicht gut?;
Ist es schlimm wenn die Katze nur Trockenfutter frisst?;
Welches Katzenfutter ist wirklich hochwertig?;
Wie viel isst eine Katze pro Tag?;
Was ist besser für Katzen trocken oder Nassfutter?;
Welchen Geruch hassen Katzen am meisten?;
Warum stinkt katzenkot so extrem?;
Warum stinkt es in der Wohnung nach katzenurin?;
Was ist besser Katzenklo mit oder ohne Deckel?;
Wie oft muss eine Katze am Tag aufs Klo?;
Wie oft muss man das Katzenklo wechseln?;
Kann man den Ort des Katzenklo umstellen?;
Wie oft Katzenklo ausräumen?;
Wann leert man das Katzenklo?;
Wie verhält sich eine Katze wenn sie Würmer hat?;
Ist es schlimm wenn man Katzen nicht entwurmt?;
Wie erkennt man das Katzen Würmer haben?;
Wie oft müssen Katzen trinken?;
Können Katzen im Dunkeln auf Klo?;
Wie protestiert eine Katze?;
Was tun wenn Katze Kot am Po hat?;
Was füttert Martin Rütter?;
Welches ist das gesündeste Trockenfutter für Katzen?;
Warum kein Sheba mehr?;
Sollte man immer das gleiche Katzenfutter füttern?;
Kann ich meiner Katze Joghurt geben?;
Welchem Futter können Katzen nicht widerstehen?;
Warum fressen Katzen manchmal kein Nassfutter?;
Kann eine Katze weinen?;
Wie verabschiedet sich eine Katze?;
Warum furzt meine Katze Wenn ich sie streichel?;
Was tun damit Wohnung nicht nach Katze riecht?;
Wann sollte man eine Katze waschen?;
Wie sagen Katzen danke?;
Wie reagieren Katzen wenn man weint?;
Wie sagt man Katze ich Liebe dich?;
Warum Beißen Katzen plötzlich beim Streicheln?;
Woher weiß ich wer die Bezugsperson meiner Katze ist?;
Was bedeutet es wenn die Katze einen Anstupst?;
Warum duckt sich meine Katze Wenn ich sie Streicheln will?;
Welche Berührungen mögen Katzen?;
Wie erkenne ich ob meine Katze mich liebt?;
Was ist das gesündeste Essen für Katzen?;
Welches ist das gesündeste Essen für Katzen?;
Ist Ei für Katzen gut?;
Ist Käse gut für die Katze?;
Ist rohes Huhn für Katzen gesund?;
Sind Haferflocken gut für die Katze?;
Welches Gemüse ist gut für Katzen?;
Was dürfen Katzen gekochtes Essen?;
Was kann man Katzen vom Tisch geben?;
Kann ich meiner Katze Lachs geben?;
Was mögen Katzen besonders gerne essen?;
Soll man Katzen Milch geben?;
Wann Katze abends füttern?;
Sollte man Katzen sich verabschieden lassen?;
Ist eine Katze traurig wenn sie alleine ist?;
Wie lange kann man eine Katze am Tag alleine lassen?;
Ist es gut Katzen nur Trockenfutter zu geben?;
Was soll man Katzen zu trinken geben?;
Wie oft muss man das Wasser von Katzen wechseln?;
Wie oft muss eine Katze gefüttert werden?;
Wie oft muss eine Katze Trinken?;
Kann ich meiner Katze Salami geben?;
Ist Hüttenkäse gesund für die Katze?;
Kann ich meiner Katze Apfel geben?;
Ist rohes Rindfleisch für Katzen gut?;
Ist gekochtes Ei gut für Katzen?;
Was riechen Katzen am liebsten?;
Kann ich meiner Katze Rührei geben?;
Ist Möhren für Katzen gesund?;
Was Katzen gar nicht mögen?;
Sollte man Katzen zudecken?;
Warum schlafen Katzen gern mit im Bett?;
Was tun wenn die Katze nervt?;
Warum legen sich Katzen auf den Menschen?;
Wie kann ich meine Katze richtig auspowern?;
Kann Katze vor vollem Napf verhungern?;
Was ist für Katzen unwiderstehlich?;
Was Essen die Katzen am liebsten?;
Warum läuft meine Katze immer hinter mir her?;
Wie oft muss man eine Katzentoilette reinigen?;
Wie oft geht eine Katze am Tag aufs Klo?;
Was denkt meine Katze Wenn ich sie küsse?;
Können Katzen merken dass man sie liebt?;
Wie erkennt man das eine Katze weint?;
Was machen Katzen wenn sie sich freuen?;
Was spüren Katzen wenn man sie streichelt?;
Wie merkt man dass Katzen sich freuen?;
Kann eine Katze fernsehen?;
Was will mir meine Katze sagen wenn sie miaut?;
Kann man morgens Trockenfutter und abends Nassfutter geben?;
Kann man Nassfutter über Nacht stehen lassen?;
Welches Katzenfutter ist nicht zu empfehlen?;
Bei welchem Katzenfutter ist der Fleischanteil am höchsten?;
Was ist das schlechteste Katzenfutter?;
Warum ist Sheba überall ausverkauft?;
Warum ist Whiskas ausverkauft?;
Warum dürfen Katzen kein Thunfisch essen?;
Welche Marke hat das beste Katzenfutter?;
Was ist das beste Essen für Katzen?;
Warum kein Nassfutter für Katzen?;
Wie oft darf ich meiner Katze Malzpaste geben?;
Wie erkennt man ob man gutes Katzenfutter kauft?;
Wie oft muss ich das Katzenstreu wechseln?;
Wie viel sollte eine wohnungskatze fressen?;
Kann man trocken und Nassfutter mischen Katze?;
Welches Katzenfutter ist gut und gesund?;
Was dürfen Katzen außer Katzenfutter essen?;
Was machen Katzen wenn sie dich lieben?;
Wo stellt man am besten ein Katzenklo auf?;
Wie oft am Tag hat eine Katze Stuhlgang?;
Wie oft muss ich meine Katze waschen?;
Wie lange kann ich meine Katze alleine lassen?;
Welches Putzmittel gegen katzenurin?;
Wie oft muss ich Klumpstreu wechseln?;
Warum gehen Katzen aufs Klo?;
Können 2 Katzen auf ein Klo gehen?;
Wie merkt man das die Katze aufs Klo muss?;
Wie mache ich das Katzenklo richtig sauber?;
Warum miaut meine Katze auf dem Klo?;
Warum chillen Katzen im Katzenklo?;
Wann stinkt Katzenklo?;
Wie fülle ich ein Katzenklo richtig?;
Was für ein Katzenstreu ist am besten?;
Wie entsorgt man eine Katzentoilette?;
Warum mögen Katzen altes Wasser?;
In welcher Tonne entsorgt man Katzenstreu?;
Was passiert wenn man nicht die Katze entwurmt?;
Was ist wenn Katzen stinken?;
Warum Erbrechen Katzen ihr Futter?;
Wie stelle ich fest ob meine Katze Würmer hat?;
Sind Katzenwürmer für Menschen gefährlich?;
Kann ich meine Katze selbst Entwurmen?;
Bei welchem Katzenfutter stinkt Kot nicht?;
Sollte man Katzen beim Schlafen zudecken?;
Warum pinkelt meine Katze ins Bett wenn ich im Bett liege?;
Wie schimpfe ich mit einer Katze?;
Wie entschuldigen bei Katze?;
Sollte man Hauskatzen impfen lassen?;
Wie oft muss eine wohnungskatze geimpft werden?;
Kann eine wohnungskatze Würmer haben?;
Warum stinkt meine Katze aus dem After?;
Warum heben Katzen den Po wenn man sie streichelt?;
Wie oft furzt eine Katze?;
Kann man trocken und Nassfutter kombinieren?;
Was ist besser trocken oder Nassfutter?;
Wie gut ist Royal Canin wirklich?;
Was ist gesünder für Katzen nass oder Trockenfutter?;
Was dürfen Katzen auf jeden Fall nicht Essen?;
Ist Felix Katzenfutter wirklich so schlecht?;
Ist es schlimm wenn Katzen nur Nassfutter fressen?;
Wie oft isst eine Katze am Tag?;
Kann man Katzen gekochtes Ei geben?;
Kann ich meiner Katze Banane geben?;
Kann man Katzen Käse geben?;
Was können Katzen nicht widerstehen?;
Was bedeutet es wenn meine Katze bei mir im Bett schläft?;
Was bedeutet es wenn meine Katze neben mir schläft?;
Was heißt auf Katzensprache nein?;
Warum liegen Katzen so gerne auf Menschen?;
Wer ist die Bezugsperson bei einer Katze?;
Wann wird eine Katze kuschelig?;
Kann eine Katze frieren?;
Kann eine Katze lachen?;
Wie verhält sich eine Katze wenn sie traurig ist?;
Was ist wenn die Katze miaut?;
Warum stinkt meine Katze nach Urin?;
Wie kann ich meiner Katze zeigen dass ich sie lieb habe?;
Wie schimpfe ich mit meiner Katze?;
Warum machen Katzen beim Streicheln den Po hoch?;
Können Katzen gute Menschen erkennen?;
Können Katzen Liebe spüren?;
Wie bedanken sich Katzen bei Menschen?;
Kann eine Katze beleidigt sein?;
Wo sollte man Katzen nicht Streicheln?;
Was bedeutet es wenn meine Katze mich beobachtet?;
Warum mögen es Katzen nicht am Bauch gestreichelt zu werden?;
Was bedeutet es wenn meine Katze mir auf Schritt und Tritt folgt?;
Was bedeutet wenn die Katze am Fußende schläft?;
Können sich Katzen Gesichter merken?;
Kann eine Katze nachtragend sein?;
Sollte man Katzen in die Augen schauen?;
Wieso beißen Katzen wenn man sie streichelt?;
Was passiert wenn man Katzen nicht streichelt?;
Was bedeutet es wenn Katzen ihre Pfote auf einen legen?;
Wie lange sollte man am Tag mit seiner Katze Spielen?;
Was sollte eine Katze nicht essen?;
Sollten Katzen nachts raus?;
Was sollte eine Katze am Tag essen?;
Ist Banane gesund für Katzen?;
Ist rohes Ei gut für Katzen?;
Wie merke ich das mein Katze mich liebt?;
Sind Karotten gut für Katzen?;
Was für Obst dürfen Katzen essen?;
Ist Rinderhack gut für Katzen?;
Was ist das gesündeste Fleisch für Katzen?;
Welches Joghurt für Katzen?;
Wie viel Joghurt darf eine Katze essen?;
Was bewirkt Hüttenkäse bei Katzen?;
Kann ich meiner Katze Thunfisch geben?;
Kann ich meiner Katze gekochtes Fleisch geben?;
Ist Gurke gut für Katzen?;
Ist Apfel gesund für Katzen?;
Wie oft dürfen Katzen rohes Ei?;
Was gebe ich meiner Katze zu trinken?;
Wie viele Mäuse braucht eine Katze pro Tag?;
Kann ich meiner Katze Fischstäbchen geben?;
Wie viel Thunfisch für Katzen?;
Welcher Fisch ist für Katzen am besten?;
Was ist Tierquälerei bei Katzen?;
Kann man eine Katze Reis geben?;
Ist Kartoffelbrei schädlich für Katzen?;
Was beruhigt den Magen der Katze?;
Was sättigt eine Katze?;
Können Katzen 1 Tag ohne Nassfutter?;
Hat meine Katze wirklich Hunger?;
