Agility für Anfänger: Der ultimative Einstieg in den Hundesport;
Canicross: Laufend das Teamgefühl stärken;
Flyball: Schnelligkeit und Teamwork auf vier Pfoten;
10 Hundesportarten, die Sie mit Ihrem Vierbeiner ausprobieren sollten;
Mentales Training für Hunde: So fördern Sie die Intelligenz Ihres Hundes;
Treibball: Eine spaßige Alternative zum Hüten für Ihren Hund;
Schutz- und Rettungshunde: Heldentaten auf vier Pfoten;
Dog Dance: Harmonie und Eleganz im Hundetanz;
Geländeläufe mit Ihrem Hund: So meistern Sie gemeinsam die Natur;
Hundeschwimmen: Eine erfrischende Sportart für wasserverrückte Vierbeiner;
Hunde-Yoga: Entspannung und Balance für Zwei- und Vierbeiner;
Frisbee für Hunde: Spaß und Bewegung unter freiem Himmel;
Obedience: Die Kunst der Gehorsamkeit im Hundesport;
Wandern mit Hunden: Tipps für unvergessliche Abenteuer;
Zughundesport: Entdecken Sie Skijöring, Bikejöring und Dogscooting;
Therapiehunde im Einsatz: So helfen Vierbeiner Mensch und Tier;
Nasenarbeit: Die faszinierende Welt der Hunde-Suchspiele;
Hundetraining im Alltag: So integrieren Sie Aktivitäten in Ihren Tagesablauf;
Hundesport für Senioren: Passende Aktivitäten für ältere Hunde;
Hunde im Urlaub: Die besten Reiseziele für sportliche Vierbeiner;