Welche Sportarten kann man mit Hund machen?;
Was für Training gibt es für Hunde?;
Was kann ich mit meinem Hund machen?;
Was kann man in der Nähe mit Hund machen?;
Welche Hobbys mit Hund?;
Wie kann ich Hund auspowern?;
Was sind die 7 grundkommandos für Hunde?;
Wie viel Training mit Hund am Tag?;
Was ist Curving Hund?;
Was macht ein Hund bei Langeweile?;
Kann es einem Hund langweilig werden?;
Wie weit kann ein Hund sein Besitzer riechen?;
In welche Geschäfte darf man mit Hund?;
Wie lange muss man sich mit einem Hund beschäftigen?;
Was kann man abends mit Hund machen?;
Welcher Hund für faule Leute?;
Was ist das Schönste für einen Hund?;
Ist einem Hund nicht langweilig?;
Was lastet Hunde geistig aus?;
Wie sieht ein guter Tagesablauf mit Hund aus?;
Wie erkenne ich ob mein Hund ausgelastet ist?;
Wie sagt man Hunden Hallo?;
Können Hunde verstehen was Menschen sagen?;
Wie sehr liebt mich mein Hund?;
Was bedeutet hängen bei Hunden?;
Warum kein Schnauzengriff?;
Warum liegt Hund im Flur?;
Was Hunde an ihren Menschen stört?;
Wie schläft ein Hund wenn er sich wohl fühlt?;
Haben Hunde ein Zeitgefühl wenn sie alleine sind?;
Wann ist ein Hund unglücklich?;
Was denkt ein Hund den ganzen Tag?;
Wo mögen es Hunde am liebsten gestreichelt zu werden?;
Wie lange vermissen Hunde ihre Besitzer?;
Was bedeutet es wenn der Hund überall hin folgt?;
Warum riechen Hunde am Schritt bei Menschen?;
Sind bei IKEA Hunde erlaubt?;
Sind im Deichmann Hunde erlaubt?;
Warum sagt man da wird der Hund in der Pfanne verrückt?;
Wann ist die schwierigste Zeit mit Hund?;
Wie viel sozialkontakt braucht ein Hund?;
Kann man einen Hund zu viel Aufmerksamkeit geben?;
Hat ein Hund Angst im Dunkeln?;
Sollte ein Hund mit im Schlafzimmer schlafen?;
Wann soll man das letzte Mal am Abend mit dem Hund gehen?;
Welcher Hund kuschelt am meisten?;
Was ist die schwierigste Hunderasse?;
Was ist die ruhigste Hunderasse?;
Was macht ein Hund wenn ihm langweilig ist?;
Was sind die treuesten Hunde?;
Warum gähnt ein Hund wenn man ihn streichelt?;
Was macht Hunde unglücklich?;
Soll ich mich von meinem Hund verabschieden wenn ich gehe?;
Was stört Hunde am meisten?;
Kann ein Hund sich langweilen?;
Welche Farbe mögen Hunde nicht?;
Wo schläft der Hund am besten?;
Wie lange kann ein Hund sich an mich erinnern?;
Was passiert wenn man zu wenig Gassi geht?;
Warum sollten Hunde an der Leine keinen Kontakt haben?;
Wie sagt ein Hund Nein?;
Was fühlen Hunde wenn man sie küsst?;
Was zeigt eine gute Bindung zwischen Mensch und Hund an?;
Wie sagt ein Hund Ich Liebe dich?;
Wie zeigt ein Hund seine Dankbarkeit?;
Was bedeutet es wenn der Hund einen Anstupst?;
Wie deckt ein Hund eine Frau?;
Wer geht als erstes durch die Tür Hund?;
Ist Knurren bei Hunden immer böse?;
Wie schläft ein glücklicher Hund?;
Was nervt Hunde?;
Was bedeutet es wenn mein Hund mir auf die Toilette folgt?;
Warum soll man Hunde nicht auf dem Kopf streicheln?;
Kann man zu viel Gassi gehen?;
Warum wechseln Hunde nachts ihren Schlafplatz?;
Wie zeigt ein Hund dass er glücklich ist?;
In welchem Alter sind Hunde am anstrengend?;
Was denkt ein Hund wenn man weint?;
Was bedeutet es wenn der Hund die Pfote auf einen legt?;
Warum mögen Hunde es nicht an den Pfoten angefasst zu werden?;
Kann ein Hund 2 Bezugspersonen haben?;
Warum leckt mein Hund mich immer an?;
Was bedeutet es wenn der Hund sich zu mir legt?;
Wie sagt man einem Hund Hallo?;
Welchen Geruch mögen Hunde am liebsten?;
Wo darf man mit Hund nicht rein?;
In welche Geschäfte dürfen Hunde nicht?;
Was dürfen Hunde auf keinen Fall?;
Sollte man sich von seinem Hund verabschieden?;
Warum beißt ein Hund die Menschen die er liebt?;
Wie lange dauert es bis ein Hund sein Herrchen vergessen?;
In welchem Alter wird ein Hund ruhiger?;
Warum sollen Hunde an der Leine keinen Kontakt haben?;
Warum sollen sich Hunde nicht an der Leine begrüßen?;
Was bewirkt ignorieren beim Hund?;
Wie zeigt ein Hund Respekt?;
Kann ein Hund eine Person vermissen?;
Was bedeutet es wenn der Hund auf dem Rücken schläft?;
Wie sieht der Hund den Menschen?;
Wie merke ich dass mein Hund Angst vor mir hat?;
Was passiert wenn eine Frau mit einem Hund schläft?;
Soll ich meinen Hund nachts zudecken?;
Was bedeutet es wenn mein Hund mir überall hin folgt?;
Warum Hund nicht nach 17 Uhr füttern?;
Soll der Hund vor oder hinter mir laufen?;
Können Hunde TV sehen?;
Welcher Hund ist der treueste Hund?;
Welche Hunde beißen am häufigsten?;
Was ist die gesündeste Hunderasse der Welt?;
Welcher Hund ist der schönste Hund auf der Welt?;
Welche Hunde sind am schwersten zu erziehen?;
Welcher Hund ist unkompliziert?;
Was ist der aggressivste Hund der Welt?;
Welche Hunde Kuscheln am meisten?;
Warum soll man Hunde nicht auf dem Kopf Streicheln?;
Wie lange vermisst dich ein Hund?;
Was ist die anstrengendste Zeit mit Hund?;
Wie begrüßt man morgens seinen Hund richtig?;
Können Hunde ihren Tod spüren?;
Was finden Hunde eklig?;
Wie zeigt sich Frust beim Hund?;
Warum schaut mich mein Hund die ganze Zeit an?;
Welche Menschen mögen Hunde nicht?;
Kann ein Hund im Dunkeln sehen?;
Sind Hunde gerne zugedeckt?;
Was denken Hunde wenn man sie küsst?;
Kann ein Hund Menschen vermissen?;
Warum wollen Hunde bei Regen nicht raus?;
Wie viel Pause zwischen Gassi?;
Kann ein Hund ohne Freilauf glücklich sein?;
Wie schimpft man einen Hund richtig?;
Was denken Hunde wenn man weint?;
Wie zeigt man seinem Hund dass man ihn lieb hat?;
Wie viel Bezugspersonen hat ein Hund?;
Wie merke ich dass mein Hund mich nicht mag?;
Was bedeutet es wenn der Hund seinen Kopf auf den Schoß legt?;
Welche Menschen lieben Hunde?;
Was bedeutet es wenn mein Hund mir auf Schritt und Tritt folgt?;
Was bedeutet es wenn mein Hund sich vor mir auf den Rücken legt?;
Was bedeutet es wenn ein Hund gähnt?;
Wer geht zuerst ins Haus Hund oder Mensch?;
Wo ist der Hund am empfindlichsten?;
Warum schläft Hund vor Schlafzimmertür?;
Wen begrüßt der Hund zuerst?;
Wie kann ich meinen Hund maßregeln?;
Wie kann ich meinem Hund zeigen dass ich ihn beschütze?;
Wie erkenne ich ob mein Hund mich als Rudelführer akzeptiert?;
Was bedeutet es wenn mein Hund neben mir schläft?;
Was hassen Hunde am meisten?;
Hat der Hund ein Zeitgefühl?;
Wann langweilt sich ein Hund?;
Ist nicht Gassi gehen Tierquälerei?;
Wann muss man morgens mit dem Hund raus?;
Sollte man Hunde nachts zudecken?;
Sollen Hunde in der Box schlafen?;
Wie erkenne ich Stress beim Hund?;
Habe ich eine gute Bindung zu meinem Hund Test?;
Wie viele km pro Tag mit Hund?;
Was tun wenn der Hund Befehle ignoriert?;
Kann man Hund mit 1 Jahr noch erziehen?;
Wie oft Gassi gehen wenn man Garten hat?;
Kann ein Hund beleidigt sein?;
Wie lange hält ein Hund in der Nacht aus?;
Kann sich ein Hund im Spiegel sehen?;
Warum liegen Hunde auf dem Menschen?;
Kann ein Hund lachen?;
Was nervt Hunde am meisten?;
Warum neigen Hunde den Kopf wenn man mit ihnen spricht?;
Was bedeutet es wenn der Hund meine Hand in den Mund nimmt?;
Was bedeutet es wenn mein Hund sich an mich lehnt?;
Warum leckt Mein Hund meine Hand wenn ich ihn streichel?;
Warum soll man einen Hund nicht Anpusten?;
Warum soll man einem Hund nicht direkt in die Augen schauen?;
Was bedeutet es wenn dein Hund gähnt?;
Warum verfolgt mich mein Hund auf Schritt und Tritt?;
Was können Hunde nicht leiden?;
Sind im Tedi Hunde erlaubt?;
Soll ich meinen Hund überall hin mitnehmen?;
In welchem Alter sind Hunde am schwierigsten?;
Welches Obst ist schlecht für Hunde?;
Was ist das giftigste für Hunde?;
Kann ein Hund mich vermissen?;
Wie bestrafe ich meinen Hund wenn er mich beißt?;
Welche Hunde Beißen am häufigsten?;
Wie zeige ich meinem Hund das er was falsch gemacht hat?;
Warum fixiert sich ein Hund auf eine Person?;
Wie bekomme ich meinen Hund dazu andere Hunde zu ignorieren?;
Wie oft soll ein Hund Kontakt zu anderen Hunden haben?;
Wann ist ein Hund respektlos?;
Wie zeige ich meinem Hund Grenzen?;
Wie verabschiedet sich ein Hund?;
Was bedeutet es wenn der Hund mich leckt?;
Was sieht ein Hund im Dunkeln?;
Welche Farbe lieben Hunde?;
Kann ein Hund Fernsehen gucken?;
Wie merkt man das der Hund gestresst ist?;
Wo mag der Hund am liebsten gestreichelt werden?;
Warum liegen Hunde immer am Fußende?;
Was bedeutet wenn der Hund sich auf den Rücken legt und schläft?;
Warum sollte man nicht mit einem Hund im Bett schlafen?;
Sollen Hunde im Dunkeln schlafen?;
Können Hunde Regenwasser trinken?;
Soll man sich vom Hund verabschieden wenn man geht?;
Warum Schleppleine und nicht Flexi?;
Was ist der treueste Hund?;
Sind zwei Hunde glücklicher als einer?;
Welche Hunde sind schwer zu erziehen?;
Welche Hunderasse hat den besten Charakter?;
Was ist der gefährlichste Hund Deutschlands?;
Welche Hunderassen neigen zu Aggression?;
Welcher Hund beißt nicht?;
Welche Hunderasse ist eher faul?;
Welcher Hund ist der intelligenteste Hund?;
Welcher Hund ist am seltensten krank?;
Was ist der friedlichste Hund der Welt?;
Welche Hunderasse beisst den Menschen am meisten?;
Welche Hunde sind sehr menschenbezogen?;
Welche Hunderasse kuschelt am liebsten?;
Welche Hunde sind gut für Berufstätige?;
Welcher Hund ist am leichtesten zu erziehen?;
Was ist der einfachste Hund?;
Warum stinken Hunde wenn sie nass werden?;
Soll man Hunde bellen lassen?;
Wie lange Hund ignorieren als Strafe?;
Was bedeutet es wenn der Hund gähnt?;
Sind Rüden oder Hündinnen einfacher?;
Welche Hunde sollte man nicht kaufen?;
Welche Hunde mögen keine Kinder?;
Was sind die unbeliebtesten Hunderassen?;
Was bedeutet es wenn mein Hund mich anstarrt?;
Warum liegt Hund mit Po zu mir?;
Wie schnell vergisst ein Hund einen Menschen?;
Wie am besten von Hund verabschieden?;
Was bringt es den Hund zu ignorieren?;
Wann ist ein Hund alt?;
Kann ein Hund richtig weinen?;
Warum wechselt mein Hund ständig den Schlafplatz?;
Welche Töne mögen Hunde nicht?;
Was bedeutet es wenn Hund im Bett schläft?;
Wie zeigt ein Hund vermissen?;
Wie beruhigt man einen überdrehten Hund?;
Soll man mit dem Hund sprechen?;
Wie Hunde böse Menschen erkennen?;
Warum sollte man einem Hund nicht direkt in die Augen schauen?;
Wo soll der Hund nachts schlafen?;
Können Hunde im Dunkeln schlafen?;
Was fühlt ein Hund wenn man ihn streichelt?;
Warum gähnen Hunde wenn man sie streichelt?;
Was passiert wenn ein Hund zu wenig Gassi geht?;
Wann sollte man nicht Gassi gehen?;
Wann sollte man abends das letzte mal mit dem Hund raus?;
Warum nicht an der Leine ziehen Wenn der Hund stehen bleibt?;
Wo sollte ein Hund schlafen Martin Rütter?;
Wie kann man sich bei seinem Hund entschuldigen?;
Warum kein Kontakt an der Leine?;
Was soll man den ganzen Tag mit einem Hund machen?;
Wie merke ich dass mein Hund mich dominiert?;
Wie zeige ich meinem Hund dass er etwas nicht darf?;
Wie begrüßt man Hunde?;
Warum sollte man schlafende Hunde nicht wecken?;
Was denkt mein Hund Wenn ich ihn küsse?;
Wie oft Bindungsspaziergang machen?;
Wen liebt ein Hund am meisten?;
Wie erkenne ich ob ich Rudelführer bin?;
Was bedeutet es wenn mein Hund mich immer Abschleckt?;
Warum sollte der Hund im Bett schlafen?;
Warum will mein Hund immer am Bauch gestreichelt werden?;
Wie zeige ich meinem Hund das ich Alpha bin?;
Sollte man einen Hund zudecken?;
Was bedeutet es wenn der Hund sich auf den Rücken legt?;
Wie viel Gassi ist zu viel?;
Soll man Hunde Anpusten?;
Was passiert wenn man einem Hund ins Gesicht pustet?;
Hat ein Hund immer nur eine Bezugsperson?;
Was macht der Hund nachts?;
Warum zittert ein Hund wenn er schläft?;
Wie bestraft man einen Hund wenn er nicht hört?;
Warum sollte der Hund nicht im Bett schlafen?;
Was bedeutet Kontaktliegen beim Hund?;
Warum Hund nicht im Gesicht streicheln?;
Was ändert sich 2023 für Hundebesitzer?;
Welche Hunderassen sind Tierquälerei?;
Warum soll ein Hund immer links geführt werden?;
