Physiotherapie 101: Grundlagen und Vorteile für den Rücken;
Yoga-Positionen für einen stärkeren und flexibleren Rücken;
Wie beeinflusst die Aqua-Therapie Rückenprobleme positiv?;
Rückenstärkung: Die Top 10 Übungen, die Sie zu Hause durchführen können;
Warum ist Dehnen wichtig für die Rückengesundheit?;
Pilates für den Rücken: Wie es hilft und einfache Übungen zum Starten;
Wie Physiotherapie nach einer Rückenoperation helfen kann;
Entdecken Sie die Vorteile der manuellen Therapie bei Rückenproblemen;
Tai Chi für den Rücken: Sanfte Bewegung mit großer Wirkung;
Wiederherstellung der Wirbelsäulenmobilität: Schlüsselübungen und Techniken;
Wie Sport Ihre Wirbelsäule stärkt und Rückenschmerzen lindert;
Einführung in die Elektrostimulationstherapie für die Rückengesundheit;
Rückenstärkende Übungen für Senioren;
Die besten Trainingsgeräte zur Linderung von Rückenschmerzen;
Wie beeinflusst regelmäßiges Schwimmen die Rückengesundheit?;
Die Rolle der Ergotherapie bei der Linderung von Rückenproblemen;
Mobilisationsübungen: Eine effektive Methode gegen Rückenschmerzen;
Die besten Übungen für einen schmerzfreien unteren Rücken;
Ist Wandern gut für Rückenschmerzen? Eine ausführliche Diskussion;
Feldenkrais-Methode: Verbesserung der Bewegung und Linderung von Rückenschmerzen;
Wie kann Seilspringen zur Verbesserung der Rückengesundheit beitragen?;
Physiotherapie nach der Schwangerschaft: Wiederherstellung der Rückengesundheit;
Wie Zumba den Rücken stärkt und schützt;
Radfahren und Rückenschmerzen: Was Sie wissen sollten;
Der Einfluss von Gewichtheben auf die Rückengesundheit;
Rückenschmerzen vermeiden: Die besten Übungen für Büroangestellte;
Wie Tanz Ihre Rückengesundheit verbessern kann;
Effektive Übungen zur Linderung von Ischias-Schmerzen;
Körpergewichtsübungen für einen gesunden Rücken;
Rückenschmerzen: Wie kann die Kältetherapie helfen?;
Laufen mit Rückenschmerzen: Was Sie wissen müssen;
Übungen zur Verbesserung der Körperhaltung und Linderung von Rückenschmerzen;
Wie beeinflusst Reiten die Rückengesundheit?;
Die Vorteile der Wärmebehandlung bei Rückenschmerzen;
Die besten Bauchübungen zur Unterstützung und Stärkung des Rückens;
Die besten Workouts zur Stärkung der Kernmuskulatur;
Wie effektiv ist Pilates bei Rückenbeschwerden?;
Wassertraining: Kann Schwimmen die Wirbelsäule entlasten?;
Das ultimative Yoga-Programm zur Linderung von Rückenbeschwerden;
Wie kann man Muskelverspannungen durch gezielte Dehnübungen lösen?;
Erfahrungen mit Tai Chi bei chronischen Rückenproblemen;
Wie Körperhaltung und Bewegung die Rückengesundheit beeinflussen;
Physiotherapie für Skoliose: Was können Sie erwarten?;
Die effektivsten Übungen zur Linderung von Hexenschuss;
Kann Zumba die Gesundheit des Rückens verbessern?;
Ein ausführlicher Guide zu therapeutischen Rückenmassagen;
Wie Feldenkrais-Methode bei Rückenproblemen helfen kann;
Die Vorteile von Akupunktur zur Behandlung von Rückenschmerzen;
Wie können Sie Ischiasbeschwerden mit Übungen lindern?;
Strecken und Biegen: Grundlegende Gymnastikübungen für einen gesunden Rücken;
Physiotherapie nach Bandscheibenvorfall: Was Sie wissen müssen;
Erfolgreiches Haltungstraining: Ein Leitfaden für Anfänger;
Der Einfluss von Tanzen auf die Rückenmuskulatur;
Anleitung zur Triggerpunkt-Selbstmassage bei Rückenbeschwerden;
Wie kann man Rückenverspannungen mit der Alexander-Technik lösen?;
Helfen Rückenstrecker-Übungen wirklich gegen Rückenschmerzen?;
Anleitung für Atemübungen zur Entspannung der Rückenmuskulatur;
Wie können Sie Rückenprobleme mit der Feldenkrais-Methode selbst behandeln?;
Die Bedeutung der Wirbelsäulengymnastik für die Rückengesundheit;
Was Sie über Rückenübungen mit dem Theraband wissen müssen;
Die Grundlagen der ergonomischen Arbeit: Wie Sie Ihren Arbeitsplatz gestalten sollten;
Ist Laufen gut oder schlecht für Rückenschmerzen?;
Physiotherapie nach Rückenoperationen: Was Sie wissen sollten;
Übungen zur Vorbeugung von Rückenschmerzen bei der Arbeit;
Wie man Rückenbeschwerden mit Wärmebehandlungen lindert;
Muss man Sport treiben, um einen gesunden Rücken zu erhalten?;
Physiotherapie: Wie kann man Arthrose in der Wirbelsäule behandeln?;
Warum sind Bauchmuskeln für einen schmerzfreien Rücken wichtig?;
Die Rolle der Physiotherapie bei der Behandlung von Skoliose;
Wie kann man Rückenschmerzen durch Gewichtsverlust lindern?;
Was Sie über Chiropraktik bei Rückenproblemen wissen sollten;
Wie man eine gute Haltung für einen schmerzfreien Rücken entwickelt;
Wie kann man mit Physiotherapie die Beweglichkeit nach einem Bandscheibenvorfall verbessern?;
Wie wirkt sich Stress auf Rückenschmerzen aus und wie kann man ihn bewältigen?;
Was sind die Vorteile von Hydrotherapie bei Rückenproblemen?;
Können schlechte Schlafgewohnheiten Rückenschmerzen verursachen?;
Ein Leitfaden zur Schmerzlinderung mit TENS-Geräten bei Rückenschmerzen;
Wie man die Kernmuskulatur stärkt, um Rückenprobleme zu vermeiden;
Können Übungen gegen Rückenschmerzen in der Schwangerschaft helfen?;
Wie können Meditationsübungen helfen, Rückenschmerzen zu lindern?;
Der Einfluss von Rückenschmerzen auf die Qualität des Schlafs;
Die Rolle der Physiotherapie bei der Behandlung von Bandscheibenvorfällen;
Wie man Rückenschmerzen durch richtige Ernährung lindert;
Die Bedeutung der Physiotherapie in der postoperativen Phase;
Die Wirkung von Rückenschmerzen auf die geistige Gesundheit