Warum legen Hunde die Ohren an wenn sie sich freuen?;
Was versteht man unter einem Senfhund?;
Was man in Rumänien nicht tun sollte?;
Auf welcher Nordseeinsel dürfen Hunde frei laufen?;
Welches Tier stirbt an Einsamkeit?;
Was kostet eine kurznarkose beim Hund?;
Was bedeutet es wenn der Hund einen Anstupst?;
Sind Hunde aus Rumänien krank?;
Wo gehen Hunde im Flugzeug aufs Klo?;
Wo darf man Hunde im Auto mitnehmen?;
Was kostet ein komplett Check beim Hund?;
Hat das Veterinäramt Schweigepflicht?;
Wie sagt ein Hund Ich Liebe dich?;
In welchem Land gibt es am meisten Tierquälerei?;
Was macht ein Hund wenn ihm langweilig ist?;
Kann man bei Condor Hunde mitnehmen?;
Sind im Kaufland Hunde erlaubt?;
Was kostet Hunde Beerdigung?;
Wie schlimm ist Fliegen für den Hund?;
Werden in Italien Hunde getötet?;
Welche Hunderasse kann am ältesten werden?;
Wie viel kostet eine Ahnentafel?;
Wo sollte ein Hund schlafen Martin Rütter?;
Wer haftet wenn Hund vor Auto läuft?;
Sind Hartz 4 Empfänger von der Hundesteuer befreit?;
Wo kann man einen Hund alles nicht mitnehmen?;
Wann ist hundebellen Lärmbelästigung?;
Sind bei Kik Hunde erlaubt?;
Welche Papiere braucht ein Hund aus dem Ausland?;
Warum gibt es keine Straßenhunde in Deutschland?;
Ist es schlimm wenn ein Hund keine Papiere hat?;
Warum bellt Hund Wenn jemand am Haus vorbei läuft?;
Wie lange darf ein Hund alleine zu Hause sein Tierschutzgesetz?;
Wie lange ist beim Hund die Tollwutimpfung gültig?;
Wie viel Kilo darf ein Hund ́mit ins Flugzeug?;
Ist es für einen Hund schlimm zu fliegen?;
Ist ein Hund traurig wenn man sie abgibt?;
Wie viel kostet eine Stunde bei Martin Rütter?;
Sollte man Bellen ignorieren?;
Sind Hunde im Fußraum erlaubt?;
Wie lange ist die Tollwutimpfung beim Hund gültig?;
Wann ist Tollwutimpfung zu spät?;
Wie werden die Hunde in Tötungsstationen getötet?;
In welchem Land sind Hunde am Strand erlaubt?;
Warum dürfen Hunde keine Paprika essen?;
Was gilt als Tierquälerei bei Hunden?;
Welche Länder sind sehr hundefreundlich?;
Was passiert wenn ich meinen Hund nicht verzollt?;
Wie viel kostet eine Tollwutimpfung für Hunde?;
Welche Dokumente braucht ein Hund zum Fliegen?;
Wer zahlt Tierarztkosten bei Hartz-4?;
Wie merkt man wenn ein Hund unglücklich ist?;
Für was fallen Zollgebühren an?;
In welchem Land ist Tierquälerei am schlimmsten?;
Wie lange vermisst dich ein Hund?;
Wie sagt ein Hund Nein?;
Sind in Mietwohnungen Hunde erlaubt?;
Warum hilft Harzer Käse gegen Kotfressen?;
Sind im Decathlon Hunde erlaubt?;
In welche Länder kann man mit Hund Reisen?;
Ist im Wald Leinenpflicht für Hunde?;
Welche Stadt ist hundefreundlich?;
Warum sagt man da wird der Hund in der Pfanne verrückt?;
Können Tiere bedenkenlos über die Grenze mitgenommen werden?;
Welcher Hund ist der berühmteste Hund der Welt?;
Wie lange lebt ein Hund durchschnittlich?;
Ist ein Heimtierausweis Pflicht?;
Wo dürfen Hunde überall mit hin?;
Wird Hund im Frachtraum betreut?;
Wo ist es am Hundefreundlichsten?;
Welche Impfungen braucht ein Hund jedes Jahr?;
Was muss nicht verzollt werden?;
Wie alt darf Tollwutimpfung sein Hund?;
Welche Länder sind besonders hundefreundlich?;
Welches Volk hat die meisten Hunde?;
Werden Tiere im Tierheim getötet?;
Warum dürfen Hunde ins Restaurant aber nicht in den Supermarkt?;
Wie lange dauert es bis ein Hund sein Herrchen vergessen?;
Kann man einen Hund 12 Stunden alleine lassen?;
Welche Airline nimmt grosse Hunde in der Kabine mit?;
Was ist der Feind von einem Hund?;
Was darf man in Dänemark nicht tun?;
Warum ist Radfahren mit Hund verboten?;
Hat jeder Hund eine Ahnentafel?;
Wie kann ich mich bei einem Hund entschuldigen?;
Kann ich Hund der Nachbarn verbieten?;
Können Hunde Regenwasser trinken?;
Was zahlt KiK pro Stunde?;
Wie kann man sich gegen das Veterinäramt wehren?;
Welche Tiere darf man im Flugzeug mitnehmen?;
Kann mein Vermieter mich einfach kündigen wegen Hund?;
Was steckt in rumänischen Mischlingen?;
Wie teuer ist eine Tollwutimpfung beim Hund?;
Werden Hunde am Flughafen kontrolliert?;
Wie kalt ist es in einem Flugzeug Frachtraum?;
Wie weit kann ein Hund sein Besitzer riechen?;
Wie lange Gassi gehen pro Tag?;
Sind Hunde in Rossmann erlaubt?;
Was bedeutet es wenn ein Hund keine Papiere hat?;
Wo ist der Hund im Auto am sichersten?;
Wo ist der teuerste Hund der Welt?;
Werden Hunde im Flugzeug betreut?;
Warum Hot Dog in Dänemark?;
Kann man wegen Hundegebell angezeigt werden?;
Was passiert wenn der Hund keine gültige Tollwutimpfung hat?;
Haben Hunde Schmerzen beim Fliegen?;
In welchem Land geht es Hunden am schlechtesten?;
Was beruhigt Hunde beim Autofahren?;
In welchem Land gibt es keine Hunde?;
Wer ist der schönste Hund auf der ganzen Welt?;
Wer ist der klügste Hund der Welt?;
Was denkt ein Hund den ganzen Tag?;
Wie bringt man bellende Hunde zum Schweigen?;
Welches ist das Hundefreundlichste Land in Europa?;
Was muss ich tun wenn mein Hund gestorben ist?;
Was passiert wenn man mit dem Hund nicht rausgeht?;
Welche Tiere wird es wahrscheinlich 2025 nicht mehr geben?;
Warum gibt es keine Hunde in Dubai?;
Welche Hunderassen werden sehr alt?;
Wie zeigt ein Hund dass er glücklich ist?;
Wie darf man Hunde im Kofferraum transportieren?;
Wann ist ein Hund vernachlässigt?;
Was muss ich beachten wenn ich mit dem Hund nach Italien reise?;
Was kostet der blaue Heimtierausweis?;
Was fühlt ein Hund wenn man ihn streichelt?;
Warum liegen Hunde immer am Fußende?;
Ist ein Hund eifersüchtig?;
Warum kein Hund aus dem Ausland?;
Sind im Zara Hunde erlaubt?;
Wie lange kann man einen Hund alleine lassen?;
Wie bucht man einen Flug mit Hund?;
Ist nicht Gassi gehen Tierquälerei?;
Welcher Hund bellt wenig?;
Sind Hunde in Italien im Supermarkt erlaubt?;
Wann ist ein Hund glücklich?;
Warum kein Rindfleisch für Hunde?;
Welche Hunderasse beisst den Menschen am meisten?;
Welche Hunderassen dürfen nicht Fliegen?;
Welche Rassen stecken in rumänischen Straßenhunden?;
Welche Farbe mögen Hunde nicht?;
Ist Autofahren für Hunde anstrengend?;
Wie schimpft man einen Hund richtig?;
Was hält Rütter von Cesar?;
Was tun wenn man die Tierarztkosten nicht mehr bezahlen kann?;
In welche Geschäfte sind Hunde erlaubt?;
Was passiert bei Einreise ohne Tollwutimpfung?;
Warum keine Hunde aus Rumänien?;
Sind Hunde am Strand in Italien erlaubt?;
Wie sind rumänische Hunde?;
Was ist das brutalste Tier der Welt?;
Was ist besser Tierarzt oder Tierklinik?;
Sind bei Primark Hunde erlaubt?;
Sind im Centro Hunde erlaubt?;
Wie sehe ich ob mein Hund glücklich ist?;
Warum keine Hundebox?;
Kann das Ordnungsamt Hunde wegnehmen?;
Was überprüft das Veterinäramt?;
Wie lange muss ein Hund aus dem Ausland in Quarantäne?;
Haben Hunde Druck auf den Ohren beim Fliegen?;
Wo geht es Hunden am schlechtesten?;
Sollte man Hunde aus Rumänien adoptieren?;
Wie lange Hund ohne Pipi nachts?;
Warum soll man Hunde nicht auf dem Kopf streicheln?;
Hat der Hund ein Zeitgefühl?;
Welche Rasse darf nicht nach Dänemark?;
Ist Fliegen für Hunde anstrengend?;
Wo sitzt der Hund im Auto am besten?;
Warum geben Hunde Pfötchen beim streicheln?;
Sind Hunde in Holland am Strand erlaubt?;
Wie kann ich mit meinem Hund Geld verdienen?;
Sind im Europa Park Hunde erlaubt?;
Welches Fleisch sollten Hunde nicht essen?;
Sind im Edeka Hunde erlaubt?;
Warum bellt mein Hund alles und jeden an?;
In welchem Alter sind Hunde am schwierigsten?;
Sind im Baumarkt Hunde erlaubt?;
Wo werden Hunde am schlechtesten behandelt?;
Was kostet es wenn der Hund nicht angeschnallt ist?;
Was Hunde an ihren Menschen stört?;
Wie hundefreundlich ist Dänemark?;
Wie bekomme ich meinen Hund dazu andere Hunde zu ignorieren?;
Warum Schläfert PETA Tiere ein?;
Welche Hunde brauchen keinen Hundeführerschein?;
Welche Hunde sollten nicht Fliegen?;
Ist ein Hund mit 15 Jahren alt?;
Wird in Thailand Hund gegessen?;
Was ist die teuerste OP beim Hund?;
Können Nachbarn sich über Hund beschweren?;
Wie läuft ein Flug mit Hund ab?;
Welche Hunderasse bellt viel?;
Für welche Hunde muss man keine Steuer zahlen?;
Wie wird man Besuchshund?;
Wieso sind Tierärzte so teuer?;
Sind im Tedi Hunde erlaubt?;
Sind im Rewe Hunde erlaubt?;
Kann man ein Hund aus dem Ausland mitnehmen?;
Welcher Hund darf mit ins Flugzeug?;
Wie erkennt man das Hund respektlos ist?;
In welchen Ländern braucht man Tollwutimpfung Hund?;
Wo fühlt sich ein Hund am wohlsten?;
Was kann man in Dänemark machen mit Hund?;
Was ist bei einer Autofahrt mit Hund zu beachten?;
Wo darf ein Hund im Auto sitzen?;
Ist Gassi gehen Pflicht?;
Wann darf ein Hund über die Grenze?;
Wo darf ich meinen Hund nicht mitnehmen?;
Wie viel Gassi am Tag?;
Welche Airline nimmt Hunde in der Kabine mit?;
Wie seriös ist Soi Dog?;
Was tun wenn das Veterinäramt nichts unternimmt?;
Welches Tier hat für den Menschen keinen Nutzen?;
Werden Hunde an der dänischen Grenze kontrolliert?;
Ist EU-Heimtierausweis Pflicht?;
Welche Menschen lieben Hunde?;
Wie lange trauern Hunde wenn sie den Besitzer wechseln?;
In welchem Land gibt es die meisten Straßenhunde?;
Haben Hunde Probleme mit Druckausgleich?;
Sind bei Jysk Hunde erlaubt?;
Wie hoch ist die Wahrscheinlichkeit Tollwut zu bekommen?;
Welche Hunde eignen sich als besuchshunde?;
Wie viel kg Hund im Handgepäck?;
Was denken Hunde wenn man sie küsst?;
Wie viel Hundegebell muss ich als Nachbar ertragen?;
Welche Länder sind nicht hundefreundlich?;
Werden Hunde beim Fliegen gewogen?;
Was darf der Zoll was die Polizei nicht darf?;
Sind Hunde auf dem Beifahrersitz erlaubt?;
Was darf ein Hund auf keinen Fall?;
Sind bei Fielmann Hunde erlaubt?;
Wie oft muss ein Hund Stuhlgang haben?;
Kann ich für meinen Hund einen Sitzplatz im Flugzeug buchen?;
Wie lange dauert die Ausbildung zum Besuchshund?;
In welchen Ländern werden Hunde getötet?;
Wird Hund an Grenze kontrolliert?;
Wann fällt kein Zoll an?;
Wie kontrolliert das Veterinäramt?;
Was passiert ohne Heimtierausweis?;
Wie lange bleiben Hunde in einer Tötungsstation?;
Ist es gut wenn der Hund mit im Bett schläft?;
Wie lange ist die Tollwut-Impfung beim Hund gültig?;
Welches Land mag keine Hunde?;
Was kontrolliert das Veterinäramt Hund?;
Welche Rentner sind von der Hundesteuer befreit?;
Kann ein Hund beleidigt sein?;
Welche Hunde sind weltweit verboten?;
Sind Straßenhunde glücklich?;
Was bedeutet es wenn sich der Hund auf den Rücken legt?;
Wie hoch ist die Wahrscheinlichkeit vom Zoll kontrolliert zu werden?;
Was passiert wenn man keinen EU Heimtierausweis hat?;
Wie schläft ein zufriedener Hund?;
Was braucht man um mit Hund zu fliegen?;
Sind rumänische Hunde anders?;
Wie sagt mein Hund Ich Liebe dich?;
Wo wird in Europa Hundefleisch gegessen?;
Welche Airline nimmt Hunde bis 10 kg mit?;
Wie lange darf ein Hund alleine sein Tierschutzgesetz?;
In welchem Land werden Hunde getötet?;
Was passiert wenn eine Frau mit einem Hund schläft?;
Kann man die Polizei rufen wenn ein Hund bellt?;
Wie viel kostet ein Hot Dog in Dänemark?;
Was muss ich beachten wenn ich mit meinem Hund ins Ausland fahre?;
Wo machen Hunde im Flugzeug Pipi?;
Was bedeutet das wenn die Hunde die Ohren nach hinten ziehen?;
Sind Hunde in Dänemark in Restaurants erlaubt?;
Wie schlimm ist ein Flug für Hunde?;
In welchen Ländern gibt es keine Hunde?;
Was bewirkt ignorieren beim Hund?;
Sollte man Hunde am Nacken packen?;
Was sind Hundewälder in Dänemark?;
Sind im Dehner Hunde erlaubt?;
Warum nicht im VDH züchten?;
Was passiert bei Verstoß gegen Tierschutzgesetz?;
Wie lange darf Tollwutimpfung abgelaufen sein?;
Wann darf ein Hund aus dem Ausland einreisen?;
Wie viel Gassi ist zu viel?;
Wen begrüßt der Hund zuerst?;
Was ist das Hundefreundlichste Land der Welt?;
Wie lange hält ein Hund in der Nacht aus?;
Was nervt Hunde am meisten?;
Bis wann darf man mit dem Hund an den Strand?;
Wie zeigt ein Hund seine Dankbarkeit?;
Wie kann man Hund und Arbeit vereinbaren?;
Wie erkenne ich ob mein Hund glücklich ist?;
Welche Airlines akzeptieren Hunde?;
Was gibt es in Dänemark günstiger als in Deutschland?;
Werden Hunde im Tierheim getötet?;
Für welche Länder Tollwutimpfung Hund?;
Welche Impfungen muss ein Hund in Dänemark haben?;
Wie lange kann ein Hund allein bleiben Martin Rütter?;
Wie oft muss ein Hund entwurmt werden?;
Wo darf man einen Hund nicht mitnehmen?;
Welche Hunderassen dürfen nach Dänemark einreisen?;
Was ist neu für Hundebesitzer?;
Warum fressen Hunde Kot Martin Rütter?;
Wie kann ich Zollgebühren vermeiden?;
Wie zeigt sich Frust beim Hund?;
Was ist der blaue Pass bei Hunden?;
Kann ich meinen Hund 9 Stunden alleine lassen?;
Welche Hunde müssen in Dänemark Maulkorb tragen?;
Was passiert wenn mein Hund im Ausland keine Tollwutimpfung hat?;
