Wie wichtig ist sexuelle Anziehung in einer Beziehung?;
Kann aus einer sexuellen Beziehung Liebe werden?;
Was ist der Unterschied zwischen Liebe und Sexualit√§t?;
Wann endet sexuelles Verlangen?;
Was wenn der Partner kein sexuelles Interesse mehr zeigt?;
Was ist die schwierigste Phase in einer Beziehung?;
Wann hat ein Mann ernste Absichten?;
Was f√ºhlt ein Mann bei einer Aff√§re?;
Wie lange sollte ein Mann enthaltsam sein?;
Was l√∂st sexuelles Verlangen aus?;
Ist Sexverweigerung ein Scheidungsgrund?;
Was passiert bei Enthaltsamkeit Mann?;
Was hemmt den Sexualtrieb bei M√§nnern?;
Wann ist man kein Paar mehr?;
Wie lange h√§lt Verliebtheit bei M√§nnern an?;
In welchem Alter trennen sich die meisten Paare?;
Wie sagt ein Mann ich Liebe dich ohne es auszusprechen?;
Warum schl√§ft er mit mir obwohl er eine Freundin hat?;
Wann wollen M√§nner eine feste Beziehung?;
Kann ein Mann seine Aff√§re vermissen?;
Wann will ein Mann nur eine Aff√§re?;
Ist man bei einer Aff√§re verliebt?;
Wie lange dauert es bis die Eier voll sind?;
Welches Mittel macht Frauen scharf?;
Ist eine Frau verpflichtet mit ihrem Mann zu schlafen?;
Was ist der Grund f√ºr sexuelle Unlust?;
Wie kann man sexuell wieder zueinander finden?;
Was passiert wenn man lange nicht ejakulieren?;
Wie kann ich mein sexuelles Verlangen steigern?;
Was wirkt Luststeigernd?;
Welche Beziehungen sind toxisch?;
Wann ist es sinnvoll sich zu trennen?;
Wie erkenne ich ob ich mich trennen sollte?;
Wann ist die schwierigste Zeit in einer Beziehung?;
Wie erkenne ich ob es Liebe ist?;
Wie f√ºhlt sich tiefe Liebe an?;
In welchem Alter halten Beziehungen am l√§ngsten?;
Wer beendet √∂fter die Beziehung?;
Was f√ºr Beziehungen halten am l√§ngsten?;
Welche Geste schreit Ich Liebe dich?;
Was bedeutet ein Kuss f√ºr einen Mann?;
Wie bekommt ein Mann Sehnsucht?;
Wie Aff√§re hei√ü machen?;
Was ist der Unterschied zwischen einer Geliebten in einer Aff√§re?;
Ist eine Aff√§re gut f√ºr mich?;
Wann beginnt ein Mann eine Frau zu vermissen?;
Was ist f√ºr M√§nner das Wichtigste in einer Beziehung?;
In was verliebt sich ein Mann?;
Warum meldet sich Aff√§re jeden Tag?;
Wie lange dauert in der Regel eine Aff√§re?;
Wann wird aus einer Aff√§re Liebe?;
Wie h√§lt man eine Aff√§re am Laufen?;
Wie kuschelt ein verliebter Mann?;
Wie endet meistens eine Aff√§re?;
Wie verh√§lt sich ein Mann der seine Gef√ºhle unterdr√ºckt?;
Wie verh√§lt man sich als Geliebte richtig?;
Ist t√§gliches ejakulieren gesund?;
Kann man ohne beide Hoden einen hoch bekommen?;
Was ist die Pflicht einer Ehefrau?;
Wann l√§sst der Sexualtrieb bei M√§nnern nach?;
Wie verh√§lt man sich in einer Sexbeziehung?;
Wie kann aus einer Sexbeziehung mehr werden?;
Was hemmt den Sexualtrieb Frau?;
Welches Getr√§nk wirkt wie Viagra?;
Welches Hormon macht Frauen scharf?;
Wie merkt man dass man ungl√ºcklich in einer Beziehung ist?;
Wann ist es richtig sich zu trennen?;
Was sind die h√§ufigsten Trennungsgr√ºnde?;
Wann eine Beziehung keinen Sinn mehr macht?;
Was schwei√üt ein Paar zusammen?;
In welchem Alter findet man die wahre Liebe?;
Wie f√ºhlt sich der Seelenpartner an?;
Wie kann man indirekt Ich Liebe dich sagen?;
Wo im K√∂rper sp√ºrt man Liebe?;
Was ist die schwierigste Zeit in einer Beziehung?;
Wie lange dauert Verliebtheit bei M√§nnern an?;
Wer macht eher Schluss Mann oder Frau?;
Wie M√§nner Beziehungen zerst√∂ren?;
Was sind die 4 Trennungsphasen?;
Was macht die Liebe kaputt?;
Wie gehen die meisten Beziehungen kaputt?;
Warum enden viele Beziehungen nach 3 Monaten?;
Warum gehen die meisten Beziehungen nach 3 Monaten kaputt?;
Was ist der gr√∂√üte Liebesbeweis f√ºr einen Mann?;
Wie kann ich ich Liebe dich sagen ohne es auszusprechen?;
Was bedeutet Zungenkuss f√ºr Mann?;
Was gef√§llt Mann beim K√ºssen?;
Wie ber√ºhrt ein verliebter Mann?;
Wie kann ich ihn knacken?;
Wann vermisst ein Mann seine Aff√§re?;
Was reizt einen am Fremdgehen?;
Was sollte man in einer Aff√§re nie tun?;
Wann verl√§sst ein Mann seine Frau f√ºr die Geliebte?;
Kann ein Mann seine Aff√§re vergessen?;
Wie oft meldet sich ein Mann Wenn er Interesse hat?;
Ist er in mich verliebt oder mag er mich nur?;
Was sind die drei wichtigsten Dinge in einer Beziehung?;
Warum distanziert er sich wenn er verliebt ist?;
Wie verh√§lt er sich wenn er Gef√ºhle hat?;
Wie kann ich ihn verr√ºckt nach mir machen?;
Wie merkt man dass man nur eine Aff√§re ist?;
Was bedeutet es wenn ein Mann sich von sich aus √∂ffnet?;
Kann eine Aff√§re funktionieren?;
Wie beende ich eine Aff√§re obwohl ich ihn Liebe?;
Wie verf√ºhre ich meine Aff√§re?;
Wann schreibt ein Mann ich Liebe dich?;
Was ist eine Geliebte f√ºr einen Mann?;
Was bedeutet es wenn er mir jeden Tag schreibt?;
Welche Frauen gehen am meisten fremd?;
Was bedeutet H√§ndchen halten f√ºr M√§nner?;
Was passiert wenn man st√§ndig an jemanden denkt?;
Wann sollte man eine F+ beenden?;
Wie mit Aff√§re abschlie√üen?;
Welche Signale sendet ein heimlich verliebter Mann?;
Wie Entliebt sich ein Mann?;
Woher wei√ü ich woran ich bei ihm bin?;
Kann ein kastrierter Mann noch kommen?;
Wird der Hoden gr√∂√üer wenn man nicht ejakuliert?;
Wie hei√üen M√§nner ohne Hoden?;
Was unterdr√ºckt den Sexualtrieb?;
Was ist die Pflicht eines Mannes?;
Was z√§hlt zu Beischlaf?;
In welchem Alter hat die Frau sexuell am aktivsten?;
Warum verliebt sich ein Mann trotz Beziehung?;
Hat man mit Viagra einen Dauerst√§nder?;
Was st√§rkt die Manneskraft?;
Was kann man nicht machen wenn man in einer Beziehung ist?;
Wie verh√§lt sich ein Mann vor der Trennung?;
Wie merke ich dass die Beziehung kaputt ist?;
Wie verh√§lt sich ein toxischer Mann?;
Wer beendet h√§ufiger eine Beziehung?;
In welchem Jahr gehen die meisten Beziehungen kaputt?;
Wie viele Partner hat man im Leben?;
Wann ist es zu sp√§t die Beziehung zu retten?;
Was tun wenn man k√∂rperliche N√§he vermisst?;
Kann Abstand die Beziehung retten?;
Wie erg√§nzt man sich als Paar?;
Was macht Paare stark?;
Wie erkennt man Liebe?;
Was sp√ºren Seelenpartner?;
Wann ist es tiefe Liebe?;
Kann man sich ein zweites Mal in jemanden verlieben?;
Wann trifft man seinen Seelenverwandten?;
Wie merkt man gegenseitige Anziehung?;
Wie viele Seelenpartner kann man haben?;
Woher wei√ü ich ob jemand an mich denkt?;
Was ist der gr√∂√üte Liebesbeweis?;
Warum verliebt man sich obwohl man in einer Beziehung ist?;
Wie mache ich ihn verr√ºckt nach mir?;
Wie lange h√§lt Fremdverliebtheit an?;
Wann funkt es zwischen Mann und Frau?;
Was ist der meiste Trennungsgrund?;
Was ist der h√§ufigste Trennungsgrund bei Paaren?;
Was sollte man nach der Trennung nicht tun?;
Was ist das Schlimmste nach einer Trennung?;
Was ist ein no go in einer Beziehung?;
Was ist Gift f√ºr eine Beziehung?;
Wann ist es keine Liebe mehr?;
Wann ist die schwerste Zeit einer Beziehung?;
Wie oft kommen Beziehungen wieder zusammen?;
Wie enden die meisten Beziehungen?;
Wann ist es besser sich zu trennen?;
Wie lange ist man in der Honeymoon Phase?;
Wie oft verliebt sich ein Mann?;
Wann f√§ngt ein Mann an dich zu vermissen?;
Was bedeutet ‚ù§ dich?;
Was bedeutet es wenn man beim K√ºssen die Augen offen hat?;
Wie k√ºsst ein Mann der Gef√ºhle hat?;
Wie k√ºsst man den Hals eines Mannes richtig?;
Ist K√ºssen sexueller Kontakt?;
Wo fasst man einen Mann an beim K√ºssen?;
Warum K√ºssen M√§nner gerne am Hals?;
Wo soll man einen Mann ber√ºhren?;
Welche Ber√ºhrungen zeigen Liebe?;
Wann hat sich ein Mann verliebt?;
Was macht ihn verr√ºckt nach mir?;
Hat man bei einer Aff√§re Gef√ºhle?;
Wer betr√ºgt am meisten?;
Wie lange kann eine Aff√§re gut gehen?;
Wie lange Aff√§re Bis Beziehung?;
Wie wird aus sexueller Anziehung Liebe?;
Was ist der Unterschied zwischen einer Beziehung und einer Aff√§re?;
Wann ist ein Mann treu?;
Kann man gut schlafen wenn man verliebt ist?;
Ist er verliebt oder nur Aff√§re?;
Hat er Gef√ºhle oder spielt er nur?;
Wie lange dauert Fremdverliebtheit?;
Warum wird aus einer Aff√§re keine Beziehung?;
Warum hat er eine Aff√§re mit mir?;
Wie erkenne ich sexuelles Interesse?;
Woher wei√ü ich dass es gefunkt hat?;
Woher wei√ü ich dass er mich mag?;
Kann man Anziehung sp√ºren?;
Wie oft meldet sich ein Mann der Interesse hat?;
Wann wird es am schwierigsten in der Beziehung?;
Wo f√§ngt eine Beziehung an?;
Wann zieht ein Mann sich zur√ºck?;
Wie merke ich dass es knistert?;
Wann gesteht ein Mann seine Liebe?;
Was empfindet ein Mann bei einer Aff√§re?;
Welche Ber√ºhrungen sind mehr als Freundschaft?;
Welche Ber√ºhrung bedeutet was?;
Wann ist es keine Aff√§re mehr?;
Warum ignoriert er mich obwohl er mich liebt?;
Wie k√ºsst ein Mann wenn er verliebt ist?;
Wie merkt man ob ein Mann Gef√ºhle hat?;
Wie weckt man den Jagdinstinkt eines Mannes?;
Wie verh√§lt sich ein liebender Mann?;
Wie kann ich ihm den Kopf verdrehen?;
Wie sagt man indirekt Ich Liebe dich?;
Was ist eine schattenfrau?;
Warum schreibt er nicht obwohl er online ist?;
Wo gibt es die treuesten Frauen?;
In welcher Stadt wird am meisten Fremdgegangen?;
Was tun wenn der Mann eine Geliebte hat?;
Ist H√§nde halten Fremdgehen?;
Ist k√∂rperliche Anziehung Liebe?;
Was bedeutet wenn ein Mann seine Hand auf mein Bein legt?;
Welcher Kuss bedeutet Liebe?;
K√∂nnen zwei Menschen gleichzeitig aneinander denken?;
Warum Anziehung kein Zufall ist?;
Wie der K√∂rper bestimmt in wen wir uns verlieben?;
Was ist der Unterschied zwischen einer Aff√§re und einer Beziehung?;
Bin ich mehr als eine Aff√§re?;
Was macht eine gute F+ aus?;
Wie sieht eine F+ aus?;
Wie f√§ngt eine Aff√§re an?;
Wann sucht ein Mann N√§he?;
Wie verh√§lt sich ein Mann der nicht mehr liebt?;
Wo f√§ngt Kontrolle in einer Beziehung an?;
Hat eine Aff√§re eine Zukunft?;
Wann hat ein Mann mit einer Frau abgeschlossen?;
Wie uriniert ein kastrierter Mann?;
Kann man ohne beide Hoden kommen?;
Kann man ohne Eier einen hoch bekommen?;
Wie wurden Kastraten operiert?;
Was regt sexuell an?;
Was darf ich als Ehefrau?;
Wem geh√∂rt in der Ehe das Geld?;
Wann darf man nicht heiraten?;
Was macht sexentzug mit einem?;
Wann beginnt Unzucht?;
Wie oft kann ein Mann in 24h kommen?;
Wann ist man Fremdverliebt?;
Ist Fremdverlieben normal?;
Kann man f√ºr 2 Personen Gef√ºhle haben?;
Wo sind die Eier beim Mann?;
Wann l√§sst der Sexualtrieb bei Frauen nach?;
Wie f√ºhlt man sich wenn man Viagra nimmt?;
Was passiert wenn ein gesunder Mann Viagra nimmt?;
Was ist noch besser als Viagra?;
Welches Obst wirkt wie Viagra?;
Was ist tabu in einer Beziehung?;
Was zerst√∂rt die Beziehung?;
Wann beendet ein Mann eine Beziehung?;
F√ºr wen ist die Trennung schlimmer?;
Wann ist es endg√ºltig vorbei?;
Warum zerbrechen so viele Beziehungen?;
Wie viele Paare trennen sich und kommen wieder zusammen?;
Wann sollte man sich trotz Liebe trennen?;
Wie flirtet ein Narzisst?;
Ist mein Mann wirklich ein Narzisst?;
Wie kann ich erkennen ob er mich liebt?;
Was ist eine Bumerang Liebe?;
Wie viele Jahre Unterschied sind ok?;
Wie alt darf der Unterschied zwischen Mann und Frau sein?;
Welche Zeit in einer Beziehung ist am schwierigsten?;
Wann gehen die meisten Beziehungen zu Ende?;
Welche Liebe ist die st√§rkste?;
Wann wird aus verliebt sein Liebe?;
Wie gelingt ein Neustart in der Beziehung?;
Wie viel k√∂rperliche N√§he braucht man?;
Was passiert ohne Z√§rtlichkeit?;
Was sind die S√§ulen einer Beziehung?;
Wie erkenne ich das wir nicht zusammen passen?;
Was Paare heimlich machen?;
Was k√∂nnen Paare zu zweit machen?;
Was kann man abends zusammen machen?;
Wo f√ºhlt man Liebe im K√∂rper?;
Wie merkt man dass man jemanden wirklich liebt?;
In welchem Alter treffen sich Dualseelen?;
Wie finden sich zwei Seelen?;
Wann ist es zu sp√§t f√ºr die Liebe?;
Wie erkenne ich ob jemand an mich denkt?;
Wie f√ºhlt der m√§nnliche Seelenpartner?;
Hat er sexuelles Interesse an mir?;
Was passiert wenn die Chemie stimmt?;
In welchem Alter findet man die gro√üe Liebe?;
Wie zieht man seinen Seelenpartner an?;
Wie zeigt man Liebe ohne es zu sagen?;
Wann sagt ein Mann Liebes?;
Was ist der beste Liebesbeweis?;
Wie f√ºhlt sich die gro√üe Liebe an?;
Was tun wenn die Sehnsucht so gro√ü ist?;
Was muss ich tun damit er mich vermisst?;
Wann f√§ngt wahre Liebe an?;
Was Mann tun kann wenn er sich Fremdverliebt?;
Wie Entliebe ich mich trotz Kontakt?;
Wann sucht ein Mann K√∂rperkontakt?;
Kann man gegenseitige Anziehung sp√ºren?;
Wann stimmt die Chemie zwischen zwei Menschen?;
Wie merkt man das die Chemie stimmt?;
Wie lange ist es normal Single zu sein?;
Warum enden die meisten Beziehungen nach 3 Monaten?;
Wann hat die Beziehung keine Zukunft mehr?;
Wann wei√ü ich dass die Beziehung keinen Sinn mehr Macht?;
Wann ist die Beziehung nicht mehr zu retten?;
Warum will mein Ex mit mir schlafen?;
Wie lange h√§lt Liebe nach Trennung?;
Wann soll man aufh√∂ren zu k√§mpfen?;
Was ist das Minimum in einer Beziehung?;
Was z√§hlt wirklich in einer Beziehung?;
Was sind typische Red Flags?;
Bin ich toxisch oder er?;
Wie verh√§lt sich eine toxische Frau?;
Wie wichtig ist Zweisamkeit in der Beziehung?;
Wie erkenne ich ob ich Liebe?;
Kann die Liebe pl√∂tzlich weg sein?;
Wie merke ich ob es die grosse Liebe ist?;
Was ist das Schlimmste was man in einer Beziehung machen kann?;
Was soll man in einer Beziehung auf keinen Fall tun?;
Wann macht eine Beziehung krank?;
Wie merkt man das man den falschen Partner hat?;
Warum enden so viele Beziehungen nach 3 Monaten?;
Wie f√§ngt Liebe an?;
Wie zeigen M√§nner dass sie einen lieben?;
Was bedeutet I ‚ô• U?;
Was bedeutet üíì bei Jungs?;
Was heisst ich verehre dich?;
Was bedeutet es wenn man beim K√ºssen zittert?;
Wie k√ºsst ein Mann wenn er Gef√ºhle hat?;
Warum k√ºsst er mich nicht mit Zunge?;
Wie k√ºsst Mann mit Zunge?;
Was sind intime K√ºsse?;
Wo darf man sich nicht K√ºssen?;
Wann k√ºsst ein Mann auf den Mund?;
Wann k√ºsst ein Mann eine Frau auf den Mund?;
Wie knutscht man richtig?;
Kann man am K√ºssen erkennen ob Gef√ºhle im Spiel sind?;
Was gef√§llt ihm beim rummachen?;
Wo k√ºsst man Frauen am besten?;
Was passiert alles beim rummachen?;
Welche Ber√ºhrung Mag Mann?;
Welche Ber√ºhrungen machen einen Mann verr√ºckt?;
Wie er k√ºsst Was sagt das aus?;
Wann haben M√§nner Sehnsucht?;
Welcher Sternzeichen geht am meisten fremd?;
In welchen Berufen gehen Frauen am meisten fremd?;
Wann trennt sich ein Mann f√ºr eine andere?;
Wie erkennt man die wahre Liebe?;
Wann hat ein Mann eine Aff√§re?;
Was ist eine fast Beziehung?;
Wann hat ein Mann abgeschlossen?;
Warum schlafe ich bei meinem Partner schnell ein?;
Kann ein Mann f√ºr immer treu sein?;
Wie halte ich ihn bei mir?;
Wie schaffe ich es nicht fremd zu gehen?;
Wie kann ich ihn verr√ºckt machen?;
Wann ist ein Mann total verliebt?;
Wie zeigen M√§nner dass sie verliebt sind?;
Kann man sich verlieben obwohl man in einer gl√ºcklichen Beziehung ist?;
Wie merke ich dass er mich nur warm h√§lt?;
Woher wei√ü ich dass er es nicht ernst meint?;
Kann man bei F+ Fremdgehen?;
Wann merkt er dass ich ihm fehle?;
Was ist der Unterschied zwischen Geliebte und Aff√§re?;
Wie mache ich ihn nerv√∂s?;
Warum schaut er mich von oben bis unten an?;
Kann man den Seelenpartner sp√ºren?;
Was bedeutet es wenn ein Mann sich jeden Tag meldet?;
Ist es ein gutes Zeichen wenn er schnell antwortet?;
Wann sollte man keine Beziehung eingehen?;
Was eine Beziehung kaputt macht?;
Wann geht ein Mann auf Distanz?;
Warum schaut er mir immer so tief in die Augen?;
Wie verwirre ich einen Mann?;
Kann ein Mann seine Aff√§re lieben?;
Wie mache ich ihn total verr√ºckt nach mir?;
Was ein Mann im Bett h√∂ren will?;
Woher wei√ü ich dass es mehr als Freundschaft ist?;
Welche Signale sendet ein verliebter Mann?;
Wann ist ein Mann nerv√∂s?;
Wie erkenne ich ob ich ihn noch Liebe?;
Wie merkt man das man sich trennen sollte?;
Wann beginnt ein Mann zu vermissen?;
Was bedeutet K√ºssen ohne Zunge?;
Ist eine Aff√§re nur sexuell?;
Wie verliebt er sich in die Aff√§re?;
Wann hat eine Aff√§re eine Chance?;
Warum in Aff√§re verliebt?;
Kann man eine Aff√§re lieben?;
Warum beendet Mann Aff√§re?;
Wann f√ºhlt sich ein Mann zu einer Frau hingezogen?;
Wie bekomme ich das Herz eines Mannes?;
Wann liebt Dich ein Mann wirklich?;
Wie lange Aff√§re Zeit geben?;
Warum schw√§rme ich f√ºr einen anderen Mann?;
Wann darf meine Freundin bei mir schlafen?;
Wie kann ich mein Mann reizen?;
Wie kann ich ihn dazu bringen mit mir zu schlafen?;
Wie kann ich seinen Jagdinstinkt wecken?;
Was ist sch√∂ner als ich Liebe dich zu sagen?;
Wie verh√§lt man sich als Geliebte?;
Was ist eine heimliche Liebe?;
Wie kann man sehen wer mit wem auf WhatsApp schreibt?;
Wie merke ich dass er das Interesse verloren hat?;
Welches Land hat frauen√ºberschuss?;
Wann ist es mehr als nur eine Aff√§re?;
Warum l√§sst man sich auf Aff√§re mit verheirateten Mann ein?;
Wie kann man einen vergebenen Mann f√ºr sich gewinnen?;
Was bedeutet H√§ndchenhalten f√ºr M√§nner?;
Was man ausstrahlt zieht man an?;
Welche Ber√ºhrungen mag der Mann?;
Kann er sp√ºren dass ich an ihn denke?;
Was ist ein Zeichen der Liebe?;