Wie sollte man einen Hund pflegen?;
Wie viel Pflege braucht ein Hund?;
Wie oft sollte man einen Hund kämmen?;
Was muss man tun um einen Hund zu halten?;
Wo fühlt sich ein Hund am wohlsten?;
Was ist das Wichtigste was ein Hund können muss?;
Wann ist die schwierigste Zeit mit Hund?;
Wie sollte ein Tagesablauf von einem Hund sein?;
Was ist das Schwierigste wenn man einen Hund hat?;
Wo wird ein Hund am liebsten gestreichelt?;
Sollte man Hunde am Nacken packen?;
Soll ein Hund gebadet werden?;
Was sollte man mit einem Hund nicht tun?;
Wie sehe ich ob mein Hund glücklich ist?;
Wie viel kostet ein Hund im Monat?;
Was bedeutet es wenn der Hund die Pfote auf einen legt?;
Was bedeutet es wenn mein Hund mir auf die Toilette folgt?;
Wie schläft ein Hund wenn er sich wohl fühlt?;
Was sind die 7 grundkommandos beim Hund?;
Wie sagt man Hunden Hallo?;
Können Hunde verstehen was Menschen sagen?;
Was tun wenn der Hund Befehle ignoriert?;
Wie lange dauert es bis ein Hund sein Herrchen vergessen?;
Wie lange ist eine Stunde für einen Hund?;
Welche Farbe mögen Hunde nicht?;
Wo schläft der Hund am besten?;
Sind Hunde gerne zugedeckt?;
In welchem Alter sind Hunde am schlimmsten?;
In welchem Alter sind Hunde am anstrengend?;
Welche Hunde sind am schwersten zu erziehen?;
Warum soll man Hunde nicht auf dem Kopf streicheln?;
Was denken Hunde wenn man sie küsst?;
Wie erkenne ich ob mein Hund mich respektiert?;
Wer geht als erstes durch die Tür Hund?;
Was stört einen Hund?;
Wo ist der Hund am empfindlichsten?;
Wie oft wäscht man einen Hund?;
Wie oft muss man einen Hund duschen?;
Warum stinkt ein Hund nach dem baden?;
Warum wechseln Hunde nachts ihren Schlafplatz?;
Wie kann ich meinem Hund zeigen wie sehr ich ihn Liebe?;
Kann ein Hund sich langweilen?;
Wie viel sollte ein Hund am Tag essen?;
Für welche Hunde muss man keine Steuern zahlen?;
Wie hoch ist die Hundesteuer im Jahr?;
Warum leckt Mein Hund meine Hand wenn ich ihn streichel?;
Warum gähnt ein Hund wenn man ihn streichelt?;
Kann ein Hund eifersüchtig sein?;
Hat der Hund ein Zeitgefühl?;
Wie zeige ich meinem Hund das er was falsch gemacht hat?;
Wie zeigt ein Hund dass er glücklich ist?;
Soll man sich vom Hund verabschieden wenn man geht?;
Was ist das Wichtigste für ein Hund?;
Welche Regeln sollte ein Hund haben?;
Warum kein Hundekontakt an der Leine?;
Wie sagt ein Hund Nein?;
Was bedeutet es wenn der Hund überall hin folgt?;
Was zeigt eine gute Bindung zwischen Mensch und Hund an?;
Wie kann man sich bei seinem Hund entschuldigen?;
Kann ein Hund 2 Bezugspersonen haben?;
Was denken Hunde wenn sie alleine sind?;
Was sollte man bei Hunden nicht machen?;
Welche Menschen mögen Hunde nicht?;
Sollte ein Hund mit im Schlafzimmer schlafen?;
Was finden Hunde eklig?;
Hat ein Hund Angst im Dunkeln?;
Kann ein Hund beleidigt sein?;
Warum liegt mein Hund immer mit dem Po zu mir?;
Wie deckt ein Hund eine Frau?;
Wie oft Gassi gehen wenn man Garten hat?;
Welche Hunde beißen am häufigsten?;
Welcher Hund für faule Leute?;
Welcher Hund hat ein ruhiges Wesen?;
Was bedeutet es wenn der Hund den Kopf auf den Schoß legt?;
Was denken Hunde wenn man weint?;
Was fühlt ein Hund wenn man ihn streichelt?;
Wie lange kann ein Hund sich erinnern?;
Wie merkt man wenn ein Hund unglücklich ist?;
Wie zeigt ein Hund seine Dankbarkeit?;
Was bedeutet es wenn der Hund einen Anstupst?;
Warum liegt der Hund immer im Flur?;
Wen begrüßt der Hund zuerst?;
Warum schläft Hund vor Schlafzimmertür?;
Welchen Geruch mögen Hunde am liebsten?;
Wie mache ich meinem Hund klar dass ich der Rudelführer bin?;
Wo mag der Hund am liebsten gestreichelt werden?;
Wo sollte ein Hund schlafen Martin Rütter?;
Was bedeutet Kontaktliegen beim Hund?;
Was passiert wenn man einen Hund nicht wäscht?;
Was passiert wenn man seinen Hund nicht wäscht?;
Warum stinkt mein Hund so sehr?;
Wie oft dem Hund die Füße waschen?;
Soll man Hunde kalt duschen?;
Welche Hunderasse stinkt am meisten?;
Warum riecht ein Hund mir am Schritt?;
Was für Obst Darf mein Hund essen?;
Sollte man Hunde nachts zudecken?;
Wie sagt man auf hundesprache Ich Liebe dich?;
Welche Menschen lieben Hunde?;
Wie verabschiedet sich ein Hund?;
Was Hunde an ihren Menschen stört?;
Haben Hunde ein Zeitgefühl wenn sie alleine sind?;
Kann ein Hund unglücklich sein?;
Warum Hund nicht nach 17 Uhr füttern?;
Was ist besser für den Hund nass oder Trockenfutter?;
Kann ich meinem Hund morgens Trockenfutter und abends Nassfutter geben?;
Sind Hartz 4 Empfänger von der Hundesteuer befreit?;
Ist eine Hundemarke Pflicht?;
Kann man den Hund von der Steuer absetzen?;
Wie merkt man dass man die Bezugsperson von Hund ist?;
Was bedeutet es wenn mein Hund mir auf Schritt und Tritt folgt?;
Warum soll man Hunde nicht auf dem Kopf Streicheln?;
Was Hunde gar nicht mögen?;
Kann ein Hund Menschen vermissen?;
Wie kuschelt ein Hund?;
Was ist die anstrengendste Zeit mit Hund?;
Wie lange vermisst dich ein Hund?;
Wie sieht ein guter Tagesablauf mit Hund aus?;
Kann ein Hund ohne Freilauf glücklich sein?;
Wie viel Hundekontakt braucht Hund?;
Was es bedeutet wenn Ihr Hund Ihnen ins Badezimmer folgt?;
Wie schläft ein glücklicher Hund?;
Wie wichtig ist Kuscheln für Hunde?;
Wie merke ich dass mein Hund mich nicht mag?;
Ist 7 für einen Hund alt?;
Warum lehnt sich mein Hund immer bei mir an?;
Wie verhält sich ein respektloser Hund?;
Was bedeutet es wenn mein Hund neben mir schläft?;
Wo schlafen Hunde nachts am liebsten?;
Wann ist ein Hund unglücklich?;
Wen liebt ein Hund am meisten?;
Wie lange hält ein Hund in der Nacht aus?;
Was beruhigt Hunde wenn sie alleine sind?;
Warum schaut mich mein Hund die ganze Zeit an?;
Wie lange darf man einen Hund am Tag alleine lassen?;
Wie zeige ich meinem Hund das ich der Chef bin?;
Was ist die ruhigste Hunderasse?;
Sind Hunde im Bett unhygienisch?;
Können Hunde im Dunkeln schlafen?;
Was passiert wenn eine Frau mit einem Hund schläft?;
Wann muss man morgens mit dem Hund raus?;
Welchen Geruch hassen Hunde am meisten?;
Wie lange nach dem Essen warten mit Gassi gehen?;
Wie sieht der Hund den Menschen?;
Kann ein Hund lachen?;
Wie lange erinnert sich ein Hund an einen Menschen?;
Welches Wort für Rückruf Hund?;
Wie bestraft man einen Hund wenn er nicht hört?;
Was bewirkt ignorieren beim Hund?;
Was bedeutet es wenn der Hund den Kopf auf die Füße legt?;
Wo mögen es Hunde am liebsten gestreichelt zu werden?;
Wer geht zuerst ins Haus Hund oder Mensch?;
Wie wichtig ist Kontaktliegen bei Hunden?;
Ist es schlimm einen Tag nicht Gassi zu gehen?;
Soll der Hund vor oder hinter mir laufen?;
Wann sollte man nicht Gassi gehen?;
Was ist der gefährlichste Hund Deutschlands?;
Was ist der aggressivste Hund der Welt?;
Welche Hunderassen neigen zu Aggression?;
Welche Hunde sollte man nicht kaufen?;
Welcher Hund kuschelt am meisten?;
Was ist der Familienfreundlichste Hund?;
Welche Hunde sind sehr menschenbezogen?;
Welcher Hund ist unkompliziert?;
Warum liegt Hund mit Po zu mir?;
Was bedeutet es wenn mein Hund sich an mich lehnt?;
Warum sollte man schlafende Hunde nicht wecken?;
Warum legt sich mein Hund immer auf meinen Platz wenn ich aufstehe?;
Warum kein Kontakt an der Leine?;
Können Hunde TV sehen?;
Was soll man den ganzen Tag mit einem Hund machen?;
Wann ist ein Hund glücklich?;
Wie lange kann sich ein Hund an eine Person erinnern?;
Sind Hunde traurig wenn sie alleine sind?;
Wie sagt ein Hund Ich Liebe dich?;
Wie erkennt man das Hund respektlos ist?;
Was bedeutet es wenn ein Hund gähnt?;
Was nervt Hunde?;
Wie sagt man einem Hund Nein?;
Was macht der Hund nachts?;
Was können Hunde nicht leiden?;
Wo fühlen sich Hunde am wohlsten?;
Was für eine Geräusch mögen Hunde nicht?;
Wie zeige ich meinem Hund Grenzen?;
Wann langweilt sich ein Hund?;
Warum sollte man nicht mit einem Hund im Bett schlafen?;
Wie viel Gassi ist zu viel?;
Warum dreht sich der Hund im Kreis bevor er sich hinlegt?;
Was macht ein Hund glücklich?;
Wie zeigt sich eine gute Bindung zum Hund?;
Wie oft dem Hund die Füße Waschen?;
Wie oft muss ein Hund entwurmt werden?;
Wie oft muss ich meinem Hund die Zähne putzen?;
Soll ich meinen Hund wecken wenn er träumt?;
Kann man Hunde nur mit Wasser Waschen?;
Wie oft Boden wischen mit Hund?;
Soll man Hunden die Haare zwischen den Pfoten schneiden?;
Wie Hund nach Regen trocknen?;
Warum müssen Hunde nicht duschen?;
Kann ich meinen Hund föhnen?;
Warum stinkt ein Hund nach dem Baden?;
Wie oft Hund Duschen ohne Shampoo?;
Was passiert wenn man Hunde nicht badet?;
Welcher Hund ist der sauberste?;
Was ist die gesündeste Hunderasse der Welt?;
Welche Hunderasse ist am einfachsten zu halten?;
Wie sagt man einem Hund Hallo?;
Warum Schnüffeln Hunde im Intimbereich bei Frauen?;
Kann ein Hund Brot fressen?;
Kann ich meinem Hund Gurke geben?;
Kann ein Hund Kartoffeln essen?;
Wie merke ich das dem Hund zu kalt ist?;
Was bedeutet es wenn der Hund gähnt?;
Wie schimpft man einen Hund richtig?;
Was bedeutet es wenn mein Hund mich leckt?;
Können Hunde gute Menschen erkennen?;
Können Hunde Liebe spüren?;
Was nervt Hunde am meisten?;
Wie weint ein Hund?;
Wann schläft ein Hund nachts durch?;
Welches Hundefutter ist das gesündeste für den Hund?;
Welches Nassfutter empfiehlt Martin Rütter?;
Warum kein Nassfutter für Hunde?;
Welche Uhrzeit am besten Hund füttern?;
Soll ich meinem Hund immer das gleiche Futter geben?;
Für welche Hunderasse muss man keine Steuern zahlen?;
Ist Hundesteuer beim Finanzamt absetzbar?;
Wer zahlt Tierarztkosten bei Hartz-4?;
Was passiert wenn man keine Hundemarke hat?;
Warum gibt es keine Hundemarke mehr?;
Was ist die teuerste Hundemarke?;
Kann man die GEZ von der Steuer absetzen?;
Wie oft muss man die Hundesteuer bezahlen?;
Kann man den friseurbesuch steuerlich absetzen?;
Warum verfolgt mich mein Hund auf Schritt und Tritt?;
Wie kann ich mich bei einem Hund entschuldigen?;
Soll ich mich von meinem Hund verabschieden wenn ich gehe?;
Was denkt ein Hund den ganzen Tag?;
In welchem Alter sind Hunde am schwierigsten?;
Was dürfen Hunde auf keinen Fall?;
Wie zeige ich meinem Hund das ich Alpha bin?;
Was macht ein Hund wenn ihm langweilig ist?;
Was bedeutet es wenn Hunde ihre 5 Minuten haben?;
Wie erkenne ich ob mein Hund traurig ist?;
Wie zeigt Hund Langeweile?;
Warum kein Schnauzengriff?;
Was ist wenn Hunde während Gassi gehen ständig schnüffeln?;
Sind zwei Hunde glücklicher als einer?;
Wie bringe ich meinen Hund dazu andere Hunde zu ignorieren?;
Wie viele Bezugspersonen hat ein Hund?;
Wie erkenne ich eine gute Bindung zu meinem Hund?;
Wie kann ich meinem Hund zeigen dass ich ihn beschütze?;
Wie lange sollte man mit einem alten Hund spazieren gehen?;
Welche Hunde leben am längsten?;
Warum wechselt mein Hund ständig den Schlafplatz?;
Wie merkt man das der Hund sich wohl fühlt?;
Was bedeutet wenn der Hund sich auf den Rücken legt und schläft?;
Sollen Hunde im Dunkeln schlafen?;
Warum sollte der Hund nicht im Bett schlafen?;
Warum sollte ein Hund nicht mit im Bett schlafen?;
Warum sollte man Hunde nicht begrüßen?;
Wie oft muss ein Hund Stuhlgang haben?;
Kann man mit einem Hund zu viel spazieren gehen?;
Wie kalt darf ein Hund schlafen?;
Wann sollte man abends das letzte Mal mit dem Hund gehen?;
Sollte man den Hund ins Bett lassen?;
Was bedeutet es wenn der Hund mich leckt?;
Was ist der faulste Hund?;
Was bedeutet es wenn der Hund auf dem Rücken schläft?;
Warum will mein Hund bei mir im Bett schlafen?;
Wie merke ich ob mein Hund nachts friert?;
Welche Kälte halten Hunde aus?;
