Was zeigt eine gute Bindung zwischen Mensch und Hund an?;
Ist Käse schädlich für den Hund?;
Warum leckt mein Hund mir die Beine ab?;
Warum sollte man Hunde nicht vom Tisch füttern?;
Was bedeutet es wenn der Hund einen Anstupst?;
Ist Quark gut für den Hund?;
Warum will mein Hund immer am Bauch gestreichelt werden?;
Was ist das beste Nassfutter für den Hund?;
Wann Gassi gehen vor oder nach dem Fressen?;
Sind Kartoffel für den Hund gesund?;
Kann ein Hund jeden Tag Reis essen?;
Wie lange schläft ein Hund morgens?;
Ist nicht Gassi gehen Tierquälerei?;
Sollten Hunde vor oder nach dem Gassi gehen füttern?;
Welche Farbe mögen Hunde nicht?;
Warum ist Trockenfutter schlecht für Hunde?;
Ist Leberwurst für den Hund schädlich?;
Wann füttert man Hunde vorm Gassi gehen oder danach?;
Wo nichts los ist ist der Hund begraben?;
Wie oft sollte man den Hund am Tag Füttern?;
Wie lange vermisst dich ein Hund?;
Welches Futter empfiehlt Martin Rütter?;
Wie lange warten bevor man nach dem Füttern Gassi geht?;
Ist Banane gut für den Hund?;
Was bedeutet es wenn der Hund einen anspringt?;
Was sind die gefährlichsten Lebensmittel für Hunde?;
Warum Schleppleine und nicht Flexi?;
Was macht einen Hund müde?;
Was ist das schlimmste Gift für Hunde?;
Kann mein Hund Banane essen?;
Was macht einen Hund satt?;
Hat ein Hund Angst im Dunkeln?;
Wie bestraft man einen Hund wenn er nicht hört?;
Sind Hunde im Bett unhygienisch?;
Was ist besser für den Hund trocken oder Nassfutter?;
Welches Hundetrockenfutter hat den höchsten Fleischanteil?;
Kann ein Hund 2 Bezugspersonen haben?;
Warum sind so viele Tierärzte gegen Barfen?;
Was bedeutet es wenn ein Hund einen Anstupst?;
Warum wechseln Hunde nachts ihren Schlafplatz?;
Wann sollte man nicht Gassi gehen?;
Kann ein Hund Ananas essen?;
Warum soll man Trockenfutter und Nassfutter nicht mischen?;
Was dürfen Hunde absolut nicht fressen?;
Welches Gemüse ist gesund für den Hund?;
Warum sollen Hund nur zweimal füttern?;
Kann ein Hund lachen?;
Welches ist das beste Hundefutter im Test?;
Kann ich meinen Hund nur mit Trockenfutter ernähren?;
Ist Royal Canin wirklich so gut?;
Wie kann ich meinem Hund zeigen dass ich ihn beschütze?;
Warum kein Kontakt an der Leine?;
Was kann man Hund zum Essen geben außer Hundefutter?;
Was spricht gegen Trockenfutter?;
Wie merkt man das der Hund unglücklich ist?;
Welches Tierfutter wird knapp?;
Was bedeutet es wenn mein Hund mir auf die Toilette folgt?;
Soll man Hundefutter einweichen?;
Was sollte man mit einem Hund nicht tun?;
Wie oft muss ein Hund entwurmt werden?;
Wie oft soll man einen Hund füttern am Tag?;
Was ist gesünder Barfen oder Trockenfutter?;
Welches Hundenassfutter ist laut Stiftung Warentest das beste?;
Welches Gemüse ist am besten für Hunde?;
Was bedeutet es wenn der Hund meine Hand in den Mund nimmt?;
Warum empfehlen Tierärzte Royal Canin?;
Was ist besser für den Hund Reis oder Kartoffel?;
Welches Hundefutter hat einen hohen Fleischanteil?;
Welchen Geruch hassen Hunde am meisten?;
Soll ein Hund immer das gleiche füttern?;
Wie schläft ein glücklicher Hund?;
Was macht ein Hund wenn ihm langweilig ist?;
Was macht den Hund länger satt?;
Kann ein Hund Mandarinen essen?;
Kann man Hund Brot geben?;
Kann ein Hund Weintrauben essen?;
Was ist besser Purina oder Royal Canin?;
Können Hunde Kartoffelbrei essen?;
Wann ist dem Hund langweilig?;
Kann ich meinen Hund 9 Stunden alleine lassen?;
Wie tröstet ein Hund einen Menschen?;
Sollte Trockenfutter immer da stehen Hund?;
Welches Trockenfutter nimmt Martin Rütter?;
Welche Süßigkeiten dürfen Hunde essen?;
Was ist gesünder für Hunde Nassfutter oder Trockenfutter?;
Was ist das gesündeste Essen für Hunde?;
Ist Joghurt gut für den Hund?;
Ist warmes Wasser gut für Hunde?;
Was ist besser für Hunde nass oder Trockenfutter?;
Kann ein Hund Pilze essen?;
Was soll ein Hund trinken?;
Welches Gemüse ist besonders gesund für Hunde?;
Was dürfen Hunde nicht trinken?;
Sollte man Trockenfutter einweichen?;
Kann mein Hund Apfel essen?;
Kann ein Hund beleidigt sein?;
Wann muss man morgens mit dem Hund raus?;
Soll man sich vom Hund verabschieden wenn man geht?;
Welches Hundefutter hat 100% Fleisch?;
Wann sollte man abends das letzte mal mit dem Hund raus?;
Welches Hundefutter ist auf Platz 1?;
Was darf ein Hund fressen Tabelle?;
Welche Uhrzeit am besten Hund füttern?;
Ist Dosenfutter gesund?;
Warum kein Pedigree mehr?;
Was nervt Hunde am meisten?;
Warum kein Trockenfutter?;
Wann nach dem füttern Gassi gehen?;
Was ist das beste und günstigste Hundefutter?;
Wie bereitet man Haferflocken für Hunde zu?;
Was ist das gesündeste Futter für einen Hund?;
Was bedeutet es wenn mein Hund am Boden kratzt?;
Warum hilft Harzer Käse gegen Kotfressen?;
Ist Ei gut für Hunde?;
Was spricht gegen Trockenfutter beim Hund?;
Was bringt es den Hund aus der Hand zu füttern?;
Welches ist das beste und gesündeste Hundefutter?;
Sollte man Trockenfutter stehen lassen?;
Was denken Hunde wenn man sie küsst?;
Kann ein Hund Brot fressen?;
Was tun wenn der Hund Befehle ignoriert?;
Kann man morgens Nassfutter geben und abends Trockenfutter?;
Wie schläft ein zufriedener Hund?;
Warum drehen Hunde durch wenn sie nass sind?;
Soll man einem Hund in die Augen schauen?;
Warum füttert man Hunde nur noch zweimal?;
Wann ist ein Hund glücklich?;
Kann ich morgens Trockenfutter und abends Nassfutter geben?;
Was macht ein Hund wenn er sich freut?;
Kann ein Hund Wassermelone essen?;
Wer geht als erstes durch die Tür Hund?;
Wie erkennt man ein gutes Hundefutter?;
Was ist besser für Hunde Quark oder Joghurt?;
Sind Süßigkeiten für Hunde schädlich?;
Kann man Trockenfutter mit Reis mischen?;
Wie viele Stunden hält ein Hund ohne Gassi gehen aushalten?;
Wie oft sollte man einen Hund duschen?;
Wie zeigt Hund Langeweile?;
Warum sollte man Hunde nicht begrüßen?;
Was bringt Leinöl für Hunde?;
Kann man zu viel Gassi gehen?;
Wie merkt man dass man die Bezugsperson von Hund ist?;
Soll man Hunde jeden Tag füttern?;
Was ist das gesündeste Futter für Hunde?;
Ist Purina hochwertig?;
Soll man öfter das Hundefutter wechseln?;
Ist Honig gut für Hunde?;
Wie viel Gramm Nassfutter braucht ein Hund am Tag?;
Ist Käse gesund für den Hund?;
Wie sollte man Hunde am besten füttern?;
Was füttert Martin Rütter seinen Hunden?;
Sollte man Hunde nachts zudecken?;
Sollen Hunde im Dunkeln schlafen?;
Wie lange darf man einen Hund am Tag alleine lassen?;
Kann ein Hund Menschen vermissen?;
Warum Hund nur 2 mal Füttern?;
Wie merke ich das mein Hund zu wenig Futter bekommt?;
Was sollte ein Hund auf keinen Fall fressen?;
Was passiert wenn man einen Hund nicht wäscht?;
Welches Futter sättigt mehr trocken oder nass?;
Was ist das gesündeste Trockenfutter für Hunde?;
Welche Hausmittel sind gut für Hunde?;
Wie bekomme ich den Kot von Hund fester?;
Welches Hundefutter ist gut für die Darmflora?;
Warum Hund nicht nach 17 Uhr füttern?;
Wie viele Stunden Schlaf braucht ein Hund?;
Ist ein Hund an der Leine unglücklich?;
Sollte man den Hund vor oder nach dem Gassi gehen füttern?;
Warum sollen Hunde kein Trockenfutter fressen?;
Soll man Trockenfutter nass machen?;
Wann ist die schwierigste Zeit mit Hund?;
Warum soll man Hunde nicht auf dem Kopf streicheln?;
Auf was muss man bei gutem Hundefutter achten?;
Ist es schlimm wenn Hunde nur Trockenfutter essen?;
Welches Hundefutter empfiehlt Stiftung Warentest?;
Können Hunde menschliche Sprache verstehen?;
Was ist das meistverkaufte Hundefutter?;
Warum kein Reis für Hunde?;
Was finden Hunde eklig?;
Warum empfehlen manche Tierärzte Trockenfutter?;
Soll man mit dem Hund sprechen?;
Haben Hunde ein Zeitgefühl wenn sie alleine sind?;
Wie zeige ich meinem Hund Grenzen?;
Was ist alles giftig für Hunde?;
Wie oft dem Hund die Füße waschen?;
Was bedeutet es wenn mein Hund mich anstarrt?;
Was bedeutet wenn der Hund sich auf den Rücken legt und schläft?;
Kann ein Hund Erbsen essen?;
Was passiert wenn ich nicht mit dem Hund spazieren gehe?;
Warum neigen Hunde den Kopf wenn man mit ihnen spricht?;
Ist Joghurt gesund für den Hund?;
Wie wichtig ist Kuscheln für Hunde?;
Warum sollten Hunde nicht an der Leine spielen?;
Warum trinken Hunde kein Mineralwasser?;
Wie merke ich das mein Hund übersäuert ist?;
Was bedeutet es wenn der Hund auf dem Rücken schläft?;
Warum mögen Hunde es nicht an den Pfoten angefasst zu werden?;
Was denkt ein Hund wenn er abgegeben wird?;
Warum Gähnen Hunde wenn man sie streichelt?;
Für was ist Apfelessig beim Hund gut?;
Kann ich Reis mit Nassfutter mischen?;
Was schmeckt Hunden gar nicht?;
Warum Jaulen Hunde beim Einschläfern?;
Was kann man Hunden außer Wasser zu trinken geben?;
Warum schaut mich mein Hund die ganze Zeit an?;
Warum Hunde gerne im Bett schlafen?;
Soll man Trockenfutter mit Wasser mischen?;
Wo wird ein Hund am liebsten gestreichelt?;
Sind Möhren für Hunde gut?;
Ist gekochtes Hähnchen gut für Hunde?;
Was löst Zahnstein beim Hund?;
Soll man Hund Wecken zum Gassi gehen?;
Wie lange darf man Nassfutter stehen lassen Hund?;
Soll der Hund vor oder hinter mir laufen?;
Wie zeigt ein Hund dass er sterben will?;
Welches Obst ist nicht gut für Hunde?;
Warum sollten Hunde kein Trockenfutter essen?;
Wie fühlt sich ein Hund am wohlsten?;
Wie kombiniert man trocken und Nassfutter?;
Was macht Hunde unglücklich?;
Wann ist die beste Zeit einen Hund zu füttern?;
Wie viel Gramm Trockenfutter pro Tag?;
Was ist besser Josera oder Royal Canin?;
Welche Hunde sind am schwierigsten zu erziehen?;
Was Hunde auf keinen Fall essen sollten?;
Warum kein Royal Canin?;
Was bewirkt ignorieren beim Hund?;
Wie kann man sich bei seinem Hund entschuldigen?;
Wie verhält sich ein hungriger Hund?;
Warum sollte man nass und Trockenfutter nicht mischen?;
Kann mein Hund Erdbeeren essen?;
Was darf ein Hund jeden Tag essen?;
Wann soll man das letzte Mal am Abend mit dem Hund gehen?;
Wo fühlt sich ein Hund am wohlsten?;
Ist gekochter Reis gut für Hunde?;
Wie merkt man wenn ein Hund unglücklich ist?;
Soll man Trockenfutter stehen lassen?;
Welches Nassfutter empfiehlt Martin Rütter?;
Was ist besser für die Verdauung nass oder Trockenfutter?;
Können Hunde TV sehen?;
Kann ein Hund Paprika essen?;
Was mögen Hunde gar nicht essen?;
Warum kein Schnauzengriff?;
Wie oft Trockenfutter wechseln Hund?;
Kann ein Hund Zucchini essen?;
Welches Öl ist für Hunde giftig?;
Was ist gesünder für den Hund Trockenfutter oder Nassfutter?;
Kann ein Hund Brokkoli essen?;
Was ist das Schlimmste für Hunde?;
Warum kein Rindfleisch für Hunde?;
Wie kann ich mich bei einem Hund entschuldigen?;
Wie erkenne ich schlechtes Hundefutter?;
Ist nur Trockenfutter für Hunde gesund?;
Welches ist ein hochwertiges Hundefutter?;
Wie lange kann ein Hund aushalten ohne Gassi zu gehen?;
Was ist das gesündeste Hundefutter?;
Soll ich meinem Hund immer das gleiche Futter geben?;
Wie erkenne ich ob mein Hund Hunger hat?;
Warum man Trockenfutter nicht einweichen sollte?;
Wie oft muss ich meinem Hund die Zähne putzen?;
Wo soll der Hund nachts Schlafen?;
Was bedeutet es wenn der Hund überall hin folgt?;
Welches Futter ist für die Hunde am gesündesten und warum?;
Kann ein Hund Orangen essen?;
Können Hunde gekochte Möhren essen?;
Wie merke ich ob mein Hund nachts friert?;
Kann ich meinem Hund Joghurt geben?;
Was ist für Hunde tabu?;
Sind Hunde traurig wenn sie alleine sind?;
Kann ein Hund Tomate essen?;
Was bedeutet es wenn der Hund gähnt?;
Was bedeutet es wenn der Hund die Pfote auf einen legt?;
Wie erkenne ich ob mein Hund mich respektiert?;
Wie lange dauert es bis ein Hund sein Herrchen vergessen?;
Wie oft Hund mit Apfelessig einsprühen?;
Warum Kaffeeholz für Hunde?;
Ist Apfel gut für den Hund?;
Was empfiehlt Martin Rütter?;
Was ist besser für den Hund nass oder Trockenfutter?;
Welches ist das gesündeste Fleisch für Hunde?;
Was sollte nicht im Hundetrockenfutter sein?;
Was ist das beste Hundefutter Stiftung Warentest?;
In welchem Alter wird ein Hund ruhiger?;
Kann ein Hund Blumenkohl essen?;
Welches Öl ist gut für den Hund?;
Wie oft sollte man den Hund am Tag füttern?;
Wie sieht ein guter Tagesablauf mit Hund aus?;
Wie kann man Nassfutter aufpeppen?;
Wie oft muss ich meinen Hund waschen?;
Was bedeutet es wenn mein Hund mir auf Schritt und Tritt folgt?;
Wie kann man Zahnstein beim Hund selbst entfernen?;
Welches Futter ist genauso gut wie Wolfsblut?;
Warum gibt man einem Hund nur 1 Mal pro Tag was zu essen?;
Wie weint ein Hund?;
Warum gibt es kein Rinti mehr?;
Kann ich meinem Hund morgens Trockenfutter und abends Nassfutter geben?;
Kann ein Hund Lächeln?;
Was bedeutet es wenn der Hund sich auf den Rücken legt?;
Sollten Hunde nur Trockenfutter essen?;
Wie lange warten bevor man nach dem füttern Gassi geht?;
