Was zählt alles zu Intimität?;
Wie baut man Intimität auf?;
Wie man in der Liebe tiefe Intimität schafft?;
Warum ist Intimität wichtig?;
Was gehört alles zur Intimsphäre?;
Was ist geistige Intimität?;
Was macht Intimität aus?;
Wie unterdrückt man sexuelles Verlangen?;
Was ist körperliche Intimität?;
In welchem Alter hat die Frau sexuell am aktivsten?;
Was wenn der Partner kein sexuelles Interesse mehr zeigt?;
Was bewirkt Enthaltsamkeit beim Mann?;
Wann ist die Intimsphäre verletzt?;
Wo beginnt Intimsphäre?;
Wie kann ich Intimsphäre wahren?;
Wie viel Nähe ist normal?;
Warum können manche Menschen keine Nähe zulassen?;
Wie entsteht echte Nähe?;
Was macht sexentzug mit einem?;
Was wirkt Luststeigernd bei Frauen?;
Was hemmt den Sexualtrieb bei Männern?;
Was hemmt den Sexualtrieb Frau?;
Wann lässt der Sexualtrieb bei Männern nach?;
Ist Sexverweigerung ein Scheidungsgrund?;
Was ist der Grund für sexuelle Unlust?;
Wann ist es richtig sich zu trennen?;
Wie lange sollte ein Mann enthaltsam sein?;
Wie heißen die 6 Persönlichkeitsrechte?;
Was gilt als persönlichkeitsverletzung?;
Was ist eine schwerwiegende Persönlichkeitsverletzung?;
Wie oft sollte sich eine Frau intim Waschen?;
Was trägt zum Schutz der Intimsphäre bei?;
Wie oft Intimpflege Mann?;
Wie Pflege ich mich richtig?;
Warum wollen Demenzkranke nicht Duschen?;
Wie führt man eine Intimpflege durch?;
Was passiert bei zu viel Nähe?;
Was tun wenn man körperliche Nähe vermisst?;
Warum braucht jemand Abstand?;
Welche Berührungen zeigen Liebe?;
Wie äußern sich bindungsstörungen im Erwachsenenalter?;
Wie äußert sich eine Körperkontaktstörung?;
Was zählt zu Intimität?;
Wie fühlt sich tiefe Liebe an?;
Wie sieht ein erfülltes Sexleben aus?;
Was löst sexuelles Verlangen aus?;
Wie steigert man sexuelles Verlangen?;
Welches Hormon macht Frauen scharf?;
Was ist Luststeigernd für den Mann?;
Wann endet sexuelles Verlangen?;
Was ist Viagra für Frauen?;
Ist eine Frau verpflichtet mit ihrem Mann zu schlafen?;
Was ist Liebe ohne Verlangen?;
Was ist eine schwere Eheverfehlung?;
Wie merke ich dass die Beziehung kaputt ist?;
Welche Beziehungen sind toxisch?;
Wie lange dauert es bis die Eier voll sind?;
Wann ist die Privatsphäre verletzt?;
Was verstößt gegen das Persönlichkeitsrecht?;
Wann ist eine persönlichkeitsverletzung nicht widerrechtlich?;
Wann liegt eine Persönlichkeitsverletzung vor?;
Wie kann ich im Intimbereich gut riechen?;
Sind Haare im Intimbereich unhygienisch?;
Was bedeutet Eichelkäse?;
Sollte sich ein Mann untenrum rasieren?;
Warum soll man keine Nachtcreme benutzen?;
Wo wollen Menschen gepflegt werden?;
Wie merkt man wenn man dement wird?;
Warum können Demenzkranke keine Uhr zeichnen?;
Wie bleibt Intimbereich länger frisch?;
Wie putzt man sich als Frau richtig ab?;
Wann sollte ich auf Distanz gehen?;
Wie kann ich ihm zeigen dass ich mich vernachlässigt fühle?;
Kann Distanz Nähe schaffen?;
Warum zieht er sich zurück Obwohl er mich mag?;
Was bedeutet Händchen halten für Männer?;
Wo soll man einen Mann berühren?;
Welche 4 bindungstypen gibt es?;
Können Menschen mit Bindungsstörung lieben?;
Wie erkennt man unsicher-vermeidende Bindung?;
Warum kann ich keine Berührung ertragen?;
Warum meiden Menschen Körperkontakt?;
Wie kann ich wieder Nähe zulassen?;
Was ist wahre Intimität?;
Wie kann man indirekt Ich Liebe dich sagen?;
Was spüren Seelenpartner?;
Wo im Körper spürt man Liebe?;
Wie beeindrucke ich einen Mann im Bett?;
Was ist das Wichtigste für einen Mann in einer Beziehung?;
Was hemmt den Sexualtrieb beim Mann?;
Welches Vitamin fehlt bei sexueller Unlust?;
Was steuert den Sexualtrieb bei Frauen?;
Welches Getränk wirkt wie Viagra?;
In welchem Alter lässt die Manneskraft nach?;
Woher kommt sexuelle Unlust bei Männern?;
Wann lässt der Sexualtrieb bei Frauen nach?;
Was wirkt Luststeigernd?;
Welches Hormon fehlt bei sexueller Unlust?;
Was sind die ehelichen Pflichten einer Frau?;
Was zählt zu Beischlaf?;
Wann ist die Ehe vollzogen?;
Können Asexuelle sexuell erregt werden?;
Wann ist es tiefe Liebe?;
Was ist Psychoterror in der Ehe?;
Was ist der häufigste Grund für eine Scheidung?;
Ist Enthaltsamkeit gut?;
Wie kann man sexuell wieder zueinander finden?;
Wie erkenne ich ernste Absichten eines Mannes?;
Wann ist es keine Liebe mehr?;
Wie verhält sich ein Mann Wenn er sich trennen will?;
Was ärgert toxische Menschen?;
Wie merkt man dass man unglücklich in einer Beziehung ist?;
Wie verhält sich ein Mann der seine Gefühle unterdrückt?;
Wie oft ejakulieren ist gesund?;
Kann ein kastrierter Mann ejakulieren?;
Welche Folgen hat eine unterdrückte Sexualität?;
Was fällt unter Intimsphäre?;
Was tun bei Verletzung der Privatsphäre?;
Ist Verletzung der Privatsphäre strafbar?;
Ist Eingriff in die Privatsphäre strafbar?;
Was gehört zum Schutz der Privatsphäre?;
Was sind Persönlichkeitsrechte Beispiele?;
Was wird durch die Persönlichkeitsrechte geschützt?;
Wo gelten Persönlichkeitsrechte?;
Was versteht man unter Privatsphäre?;
Was setzt ein Eingriff in das allgemeine Persönlichkeitsrecht voraus?;
Warum riechen Frauen im Intimbereich nach Fisch?;
Was ist wenn die Scheide nach Sperma riecht?;
Warum stinkt mein Intimbereich so?;
Sollte man die Scheide rasieren?;
Haben alle Frauen Haare im Po?;
Ist Intimrasur noch modern?;
Wie kann man die Intimsphäre schützen?;
Wie Scheide richtig abwischen nach Pipi?;
Wie bekomme ich meinen After sauber?;
Kann man Smegma bekommen wenn man beschnitten ist?;
Ist es schlimm wenn man Eichelkäse hat?;
Welche Intimfrisur finden Männer am besten?;
Wie bekomme ich die Haare an der Scheide weg?;
Was passiert wenn man das Gesicht nur mit Wasser wäscht?;
Was empfehlen Hautärzte gegen Falten?;
Soll man am Abend das Gesicht eincremen?;
Wann ist ein Mensch gepflegt?;
Was macht Pflege attraktiver?;
Wie viele Menschen werden häuslich gepflegt?;
Was beschleunigt Demenz?;
Was kündigt Demenz an?;
Kann man Alzheimer an den Augen erkennen?;
Welcher blutwert zeigt Demenz an?;
Warum rufen Demenzkranke ständig Hallo?;
Wie merkt man ob jemand dement ist?;
Was muss man essen damit die Scheide gut riecht?;
Wie oft die Scheide rasieren?;
Sollte man Haare im Intimbereich entfernen?;
Wie richtig urinieren Frau?;
Was löst Distanz aus?;
Kann ich es spüren Wenn jemand an mich denkt?;
Wie Distanz Nähe schafft?;
Wann engt man den Partner ein?;
Welche Berührungen sind mehr als Freundschaft?;
Wie mit einer nicht erwiderten Liebe umgehen?;
Was tun wenn man keine Aufmerksamkeit bekommt?;
Wie komme ich emotional von ihm los?;
Warum geht jemand auf Abstand?;
Wann zieht ein Mann sich zurück?;
Warum haben borderliner Angst vor Nähe?;
Wie merke ich dass er seine Gefühle unterdrückt?;
Wie kann ich ihm den Kopf verdrehen?;
Hat er plötzlich Gefühle für mich?;
Wie ein Mann seine Liebe zeigt?;
Ist Hände halten Fremdgehen?;
Hat er sexuelles Interesse an mir?;
Welche Berührung Mag Mann?;
Wie zeigt sich eine schlechte Bindung?;
Wie zeigt sich eine sichere Bindung?;
Wie erkennt man gute Bindung?;
Welche Sternzeichen haben Angst sich zu verlieben?;
Wie verhält sich ein Mensch mit Bindungsangst?;
Was triggert bindungsangst?;
Wann ist Bindung abgeschlossen?;
Welche bindungstypen ziehen sich an?;
Warum ertrage ich keine körperliche Nähe?;
Wie viel körperliche Nähe braucht der Mensch?;
Warum will ich körperliche Nähe?;
Kann eine Beziehung ohne Körperkontakt funktionieren?;
Was tun bei emotionaler Distanz?;
Wie verhalten sich Frauen mit Bindungsangst?;
Was tun wenn der Partner keine Nähe zulässt?;
Was zählt zu intim?;
Was unterdrückt den Sexualtrieb?;
Ist Enthaltsamkeit schädlich?;
Was ist intimer Körperkontakt?;
Was schafft Intimität?;
Was ist tiefe Intimität?;
Wie entsteht Liebe zwischen 2 Menschen?;
Was ist der größte Liebesbeweis?;
Welche Geste schreit Ich Liebe dich?;
Wie sagt ein Mann ich Liebe dich ohne es auszusprechen?;
In welchem Alter treffen sich Dualseelen?;
Wie verhält sich der weibliche Seelenpartner?;
Wie finden sich zwei Seelen?;
Wie erkennt man versteckte Gefühle?;
Wie fühlt sich der Seelenpartner an?;
Welche Figur finden Männer attraktiv?;
Was macht ihn verrückt nach mir?;
Was ein Mann im Bett hören will?;
Wie verhält sich ein liebender Mann?;
Was macht einen wahren Mann aus?;
Was empfinden Männer als attraktiv?;
Was steigert die Sexlust beim Mann?;
Was ist für Frauen aphrodisierend?;
Was passiert wenn man den Sexualtrieb unterdrückt?;
Was stärkt die Manneskraft?;
Hat man mit Viagra einen Dauerständer?;
Welches Mittel für dauererektion?;
Was passiert wenn man lange nicht ejakulieren?;
Was ist eine Beischlafzeremonie?;
Was darf in einer glücklichen Ehe nicht fehlen?;
Wem gehört in der Ehe das Geld?;
Welche ehelichen Pflichten hat eine Frau?;
Wann wird man in einer Beziehung intim?;
Was gilt als lange Ehe?;
Was macht man in der Nacht nach der Hochzeit?;
Was zählt alles als Zugewinn in der Ehe?;
Wann ist eine Frau asexuell?;
Was ist Audiosexuell?;
Wie erkenne ich ob mein Partner asexuell ist?;
Wie merkt man dass man jemanden wirklich liebt?;
Wie viel körperliche Nähe braucht man?;
Was ist seelische Grausamkeit in der Ehe?;
Was zählt unter seelische Grausamkeit?;
Was ist toxische Ehe?;
Was zerstört die Ehe?;
Wann gilt eine Ehe als unzumutbar?;
In welchem Alter scheiden sich die meisten?;
Wie mache ich ihn verrückt nach mir?;
Wie kann aus einer Sexbeziehung mehr werden?;
Wann ist man kein Paar mehr?;
Wann eine Beziehung keinen Sinn mehr macht?;
Wie zeigt ein Mann das er eine Beziehung will?;
Was macht die Liebe kaputt?;
Wann ist es zu spät für die Liebe?;
Wie verhält sich ein toxischer Mann?;
Bin ich ihm egal?;
Wann sollte man sich nicht trennen?;
Was ist das Ziel von toxischen Menschen?;
Haben toxische Menschen eine Persönlichkeitsstörung?;
Wie verhält sich ein Mann vor der Trennung?;
Wann ist ein Mann unglücklich?;
Was ist eine Auszeit in einer Beziehung?;
Wie Entliebt sich ein Mann?;
Wie erkenne ich einen heimlich Verliebten Mann?;
Wann funkt es zwischen Mann und Frau?;
Was passiert mit den Sperma wenn man längere Zeit nicht raus lässt?;
Ist es schädlich zu oft zu ejakulieren?;
Warum muss man ejakulieren?;
Was wird bei einem Eunuchen entfernt?;
Wann ist eine Frau frigide?;
Was ist ein gestörtes Sexualverhalten?;
Wann verletzt man das Persönlichkeitsrecht?;
Was ist die Verletzung der Privatsphäre?;
Wo fängt die Privatsphäre eines Menschen an?;
Wann darf die Privatsphäre verletzt werden?;
Was passiert wenn man gegen das Persönlichkeitsrecht verstößt?;
Warum ist es wichtig die eigene Privatsphäre zu schützen?;
Was ist räumliche Privatsphäre?;
Was fällt alles unter Persönlichkeitsrecht?;
Was tun bei persönlichkeitsverletzung?;
Welcher Paragraph ist Eingriff in die Privatsphäre?;
Wie wird die Darstellung einer Person in der Öffentlichkeit geschützt?;
Wann endet die Persönlichkeit?;
Wer hat Persönlichkeitsrechte?;
Was tun wenn jemand ein Bild von mir macht?;
Was zählt alles unter Bedrohung?;
Wann ist ein Gespräch vertraulich?;
Hat jeder Mensch eine Privatsphäre?;
Welche Arten von Privatsphäre gibt es?;
Wie viel Privatsphäre in einer Beziehung?;
Wie lauten die vier Funktionen individueller Privatsphäre?;
Was bedeutet Schutz der Persönlichkeit?;
Was beinhaltet das Recht auf Selbstbewahrung?;
Wer unrechtmäßig gefilmt wird kann Unterlassung und Schadensersatz verlangen?;
Was passiert wenn man zu wenig Privatsphäre hat?;
Hat man in der Ehe Privatsphäre?;
Warum sollte ich meine Daten schützen?;
Wie riecht die Scheide gut?;
Warum riecht meine Unterhose immer nach Urin?;
Was tun gegen Intimgeruch bei Frauen?;
Wie oft sollte man seine Scheide waschen?;
Wie viel Prozent der Frauen rasieren sich im Intimbereich?;
Warum rasieren sich Frauen an der Scheide?;
Wie viel Prozent der Frauen rasieren den Intimbereich?;
Wie sieht ein guter Po aus?;
Sollte man die Scheide Rasieren?;
Was ist die beliebteste Intimfrisur?;
Wird die Schambehaarung im Alter weniger?;
Wie kann ich Intimität zulassen?;
Was ist falsche Intimhygiene?;
Warum juckt die Schambehaarung?;
Warum stinkt meine Scheide trotz waschen?;
Warum nach GV auf Toilette gehen?;
Was die meisten bei Klopapier falsch machen?;
Was kann aus dem After hängen?;
Wie gehen Araber aufs Klo?;
Können Frauen auch Eichelkäse bekommen?;
Hat jeder Mann Eichelkäse?;
Was ist besser mit oder ohne Vorhaut?;
Wie nennt man Eichelkäse bei Frauen?;
Wie sieht Eichelpilz aus?;
Sollte man Eichelkäse entfernen?;
Ist Schambehaarung attraktiv?;
Welche Intimrasur gefällt Männer bei Frauen?;
Wie rasiere ich mein Intimbereich Frau ohne Stoppeln?;
Warum sollte man sein Gesicht morgens nicht waschen?;
Warum morgens nicht Gesicht waschen?;
Was polstert das Gesicht auf?;
Welches Hausmittel hilft bei Mundfalten?;
Wie heißt die Creme die Falten verschwinden lässt?;
Welche Birkencreme benutzt Lieselotte?;
Wann ist eine Frau für dich gepflegt?;
Wo werden die meisten Menschen gepflegt?;
Ist man verpflichtet seinen Ehepartner zu pflegen?;
Warum ist der Beruf Altenpfleger so unbeliebt?;
Warum sind Pflegekräfte so unzufrieden?;
Welcher Vitaminmangel führt zu Demenz?;
Wie erkenne ich ob ich dement werde?;
Wer neigt zu Demenz?;
Was triggert Demenz?;
Wie äußert sich Alzheimer im Anfangsstadium?;
Was sind die erste Anzeichen von Alzheimer?;
Wie fühlt sich Demenz im Kopf an?;
Soll man dementen widersprechen?;
Warum können demente keine Uhr malen?;
Wie bleibt man unten frisch?;
Warum Rasieren sich Frauen an der Scheide?;
Wie viel Prozent der Frauen Rasieren sich unten?;
Sollten Frauen sich unten Rasieren?;
Wie oft muss eine Frau urinieren?;
Wo kommt die Pinkel bei der Frau raus?;
Können zwei Menschen gleichzeitig aneinander denken?;
Wieso denke ich ständig an eine Person?;
Wie merke ich dass er etwas für mich empfindet?;
Was passiert ohne Zärtlichkeit?;
Wie mache ich ihn total verrückt nach mir?;
Was bedeutet ein Kuss für einen Mann?;
Wann knistert es zwischen zwei Menschen?;
Wie berührt ein verliebter Mann?;
Ist es Liebe wenn man zweifelt?;
Wie lange hält unerwiderte Liebe an?;
Warum tut unerfüllte Liebe so weh?;
Wie sage ich ihm dass ich mich vernachlässigt fühle?;
Wie nennt man Menschen die immer Bestätigung brauchen?;
Warum wertet man andere ab?;
Wie löst man sich emotional von einer Person?;
Wie verhält sich ein Mann der Gefühle entwickelt?;
Warum geht er auf Distanz obwohl er mich mag?;
Wann beginnt ein Mann zu vermissen?;
Warum behandelt er mich so respektlos?;
Welche Signale sendet ein heimlich verliebter Mann?;
Was triggert einen Borderliner?;
Wie sind Borderliner im Bett?;
Wen ziehen Borderliner an?;
Wie verhält sich ein Mann Wenn er heimlich verliebt ist?;
Warum distanziert er sich wenn er verliebt ist?;
Wie kann ich seinen Jagdinstinkt wecken?;
Was bedeutet es wenn er mir vertraut?;
Hat er Gefühle oder spielt er nur?;
Was ist der größte Liebesbeweis für einen Mann?;