Welche Hunderassen sind verboten zu züchten?;
Warum kein Hund vom Züchter?;
Welche Hunderassen sind keine Qualzuchten?;
Wie funktioniert die Züchtung von Hunderassen?;
Welche Hunderassen gehören zur Qualzucht?;
Ist Hundezucht Tierquälerei?;
Ist eine hobbyzucht erlaubt?;
Kann ein Züchter den Hund wieder wegnehmen?;
Auf was bei Hundezüchter achten?;
Was ist der faulste Hund?;
Was ist die schwierigste Hunderasse?;
Welche Hunderasse ist am wenigsten Überzüchtet?;
Kann man von einer Hundezucht leben?;
Welche Probleme hat die Züchtung?;
Wie viele Hunde darf man als Züchter halten?;
Warum ist der Australian Shepherd eine Qualzucht?;
Ist Labrador eine Qualzucht?;
Welche Hunde dürfen nicht mehr ausgestellt werden?;
Warum essen Menschen Hundefleisch?;
Was ist besser Tierheim oder Züchter?;
Welcher Hund riecht nicht nach Hund?;
Kann ich einfach so Hunde züchten?;
Wie viel Steuer zahlt man als Hundezüchter?;
Ist Hundezucht steuerfrei?;
Sind Hunde traurig wenn sie den Besitzer wechseln?;
Was machen Züchter mit kranken Welpen?;
Haben Welpen Trennungsschmerz?;
Was ist besser Rüde oder Weibchen?;
Wie erkenne ich eine gute Hundezucht?;
Wann ist die beste Zeit einen Welpen zu kaufen?;
Welcher Hund kuschelt am meisten?;
Was ist der Familienfreundlichste Hund?;
Was ist der treueste Hund?;
Welche Hunde beißen am häufigsten?;
Welcher Hund ist am einfachsten zu erziehen?;
Welcher Hund ist der schönste Hund auf der Welt?;
Welcher Hund ist der beste Anfängerhund?;
Was ist die billigste Hunderasse?;
Was ist der beste Hund für Anfänger?;
Wer darf in Deutschland Hunde züchten?;
Ist hobbyzucht steuerpflichtig?;
Kann jeder Welpen verkaufen?;
Welche Hunde sollte man nicht kaufen?;
Was zählt zu Qualzucht?;
Welche Hunderassen haben die meisten gesundheitlichen Probleme?;
Kann man mit einer Hundezucht Geld verdienen?;
Wie viel kostet ein Welpenwurf?;
Warum ist Merle Qualzucht?;
Welche Hunderasse ist am wenigsten überzüchtet?;
Ist der Dobermann eine Qualzucht?;
Was sind die gesündesten Hunde?;
Ist der Retromops auch eine Qualzucht?;
Welche Rassen zählen zu den Qualzuchten?;
Was ändert sich 2023 für Hundebesitzer?;
Welcher Hund für faule Leute?;
Wo werden in Deutschland Hunde gegessen?;
Wo werden heute noch Hunde gegessen?;
Warum nicht beim Züchter kaufen?;
Auf was beim Züchter achten?;
Was ist die sauberste Hunderasse?;
Welche Hunde haaren wenig bis gar nicht?;
Wie oft darf ein Hund Junge bekommen?;
Welche Hunde darf man nicht züchten?;
Welche Hunde sind verboten zu züchten?;
Ist eine Hundezucht in einem Wohngebiet erlaubt?;
Wie lange erinnert sich ein Hund an einen Menschen?;
Was bedeutet es wenn mein Hund mir auf die Toilette folgt?;
Wie lange vermisst dich ein Hund?;
Was darf man bei einem Welpen nicht machen?;
Was darf man mit einem Welpen nicht machen?;
Für welchen Welpen sollte man sich entscheiden?;
Wo soll der Welpe die erste Nacht schlafen?;
Wo soll der Welpe nachts schlafen?;
Kann ein Welpe 2 Bezugspersonen haben?;
Wer ist treuer Hündin oder Rüde?;
Warum kein Rüde?;
In welchem Alter zweithund?;
Was spricht gegen einen Hund vom Züchter?;
Wie oft sollte man den Welpen beim Züchter besuchen?;
Welche Hundenamen lassen sich gut rufen?;
Was sind die günstigsten Welpen?;
Welcher Wurf ist am besten?;
Wer ist der treueste Hund der Welt?;
Was ist der friedlichste Hund der Welt?;
Welcher Hund ist der ruhigste?;
Welche Hunde sind am leichtesten zu erziehen?;
Welcher Hund stinkt nicht?;
Welche Hund verliert keine Haare?;
Welche Hunde sind am schwersten zu erziehen?;
Welcher Hund kuschelt am liebsten?;
Was ist der aggressivste Hund der Welt?;
Was ist der gefährlichste Hund Deutschlands?;
Welche Hunderassen neigen zu Aggression?;
In welchem Alter ist ein Hund am anstrengendsten?;
Welcher Hund ist unkompliziert?;
Welche Hunde sind gut für Berufstätige?;
Was ist der klügste Hund?;
Welcher Hund ist der intelligenteste Hund?;
Welche Hunderasse ist eher faul?;
Was sind die loyalsten Hunde?;
Welcher Hund ist der perfekte Familienhund?;
Sollte man sich mit 70 noch einen Hund anschaffen?;
Welcher Hund für alleinstehende Frau?;
Welcher Hund braucht wenig Bewegung?;
Welche Hunderassen lassen sich am besten erziehen?;
Was ist ein Problemhund?;
Kann ich einfach Hunde züchten?;
Wie teuer darf ein Welpe sein?;
Welche Hunde haaren nicht und riechen nicht?;
Kann man hauptberuflich Hunde züchten?;
Wie viele Welpen kann eine Hündin beim ersten Mal werfen?;
Sollte man eine Hündin einmal decken lassen?;
Sind alle Merle Hunde krank?;
Welche kleine Hunde sind keine qualzuchten?;
Ist das Merle-Gen gefährlich?;
Ist die BKH eine Qualzucht?;
Ist der Havaneser eine Qualzucht?;
Welche Rasse keine Qualzucht?;
Welche Hunde sind sehr ruhig?;
Sind Ridgebacks Qualzucht?;
Sind kleine Hunde Qualzucht?;
Was sind Qualzuchtmerkmale?;
Warum ist der Ridgeback eine Qualzucht?;
Ist Gassi gehen Pflicht?;
Wie lange darf man nach dem Tierschutz einen Hund alleine lassen?;
Wo nach schmeckt Hundefleisch?;
Ist es legal in Deutschland Hund zu essen?;
Warum essen wir keine Hunde?;
Werden Hunde eingeschläfert wenn sie Menschenfleisch gegessen haben?;
Wo in Deutschland werden Hunde gegessen?;
Was sollte man den Hundezüchter Fragen?;
Welche Rasse stinkt nicht?;
Welche Hunde eignen sich für Berufstätige?;
Was eignet sich als ersthund?;
Wer darf Hunde züchten?;
Kann man mit Hundezucht reich werden?;
Ist Welpen Verkauf steuerpflichtig?;
Wie viele Würfe Darf eine Hündin im Leben haben?;
Wie alt darf ein Hund sein um schwanger zu werden?;
Was ist das Blue Dog Syndrom?;
Welche Hunde Rasse ist in Deutschland verboten?;
Wie viele Hunde Darf ich als Privatperson halten?;
Wann vergisst dich ein Hund?;
Was denken Hunde wenn man sie küsst?;
Warum soll man Hunde nicht auf dem Kopf streicheln?;
Warum schaut mich mein Hund die ganze Zeit an?;
Warum legt mein Hund seinen Kopf auf meinen Fuß?;
Kann ein Hund 2 Bezugspersonen haben?;
Was Hunde an ihren Menschen stört?;
Soll man sich vom Hund verabschieden wenn man geht?;
Welche drei Dinge muss ein Welpe zuerst lernen?;
Wie lange kann ein 12 Wochen alter Welpe alleine bleiben?;
Wie zeige ich einem Welpen dass er etwas nicht darf?;
Was hassen Welpen?;
Was dürfen Welpen auf keinen Fall essen?;
Wie lange darf ein 3 Monate alter Welpe spazieren gehen?;
Kann man Welpen mit zur Arbeit nehmen?;
Wann erkennt man den Charakter eines Welpen?;
Soll man Welpen nachts wecken zum Gassi gehen?;
Wie lange braucht es bis mein Welpe nachts nicht mehr raus muss?;
Kann man Welpen nachts alleine lassen?;
Wann muss ein Hund fressen damit er nachts nicht raus muss?;
Was macht man in den ersten Tagen mit einem Welpen?;
Wie lange dauert die anstrengende Welpenzeit?;
Was spricht gegen einen 2 Hund?;
Wen begrüßt der Hund zuerst?;
Was ist leichter zu erziehen Rüde oder Hündin?;
Welcher Hund ist der liebste Hund der Welt?;
Was spricht gegen einen Rüden?;
Was ist besser zwei Rüden oder Rüde und Hündin?;
Sind weibliche Hunde oder männliche Hunde klüger?;
Sind zwei Hunde glücklicher als einer?;
Welche Hunde passen nicht zusammen?;
Wie viel Hundekontakt braucht Hund?;
Wie sagt ein Hund Nein?;
Was sollte man den Züchter fragen?;
Wie lange muss man mit Welpen alle 2 Stunden raus?;
Wie suche ich mir den richtigen Welpen aus dem Wurf aus?;
Was ist der seltenste Hundename?;
Was sind coole Hundenamen?;
Wer ist der schönste Hund auf der ganzen Welt?;
Was ist der teuerste Hund auf der ganzen Welt?;
Was ist die teuerste Hunderasse der Welt?;
Wie viele Würfe sollte eine Hündin haben?;
Wie alt sollte ein Hund beim ersten Wurf sein?;
Wie oft sollte ein Hund Welpen bekommen?;
Welcher Hund hat einen ruhigen Charakter?;
In welchem Alter sind Hunde am schwierigsten?;
Welcher Hund stinkt am meisten?;
Welcher Hund haart und sabbert nicht?;
Welcher Hund stinkt am wenigsten?;
Welche Hunde haaren nicht und stinken nicht?;
Welcher Hund ist nichts für Anfänger?;
In welchem Alter sind Hunde am anstrengend?;
Welche Hunderasse ist am leichtesten zu erziehen?;
Welche Hunderasse ist sehr menschenbezogen?;
Welche Hunde mögen keine Kinder?;
Welche Hunde haben die größte beißkraft?;
Warum stinken Hunde wenn sie nass werden?;
Welche Hunde dürfen nicht mehr gezüchtet werden?;
Kann sich ein Hund mit einem Wolf Paaren?;
Welcher Hund ist stärker als der Wolf?;
Welche Hunde werden am häufigsten gestohlen?;
Welche Hunde neigen nicht zu Bellen?;
Was tun wenn der Hund Befehle ignoriert?;
Kann man Hund mit 1 Jahr noch erziehen?;
Kann ein Hund beleidigt sein?;
Welche Rasse ist als Anfängerhund geeignet?;
Wann ist die beste Zeit für einen Hund?;
Welche Hunde kann man 8 Stunden alleine lassen?;
Welche Rasse kann gut alleine bleiben?;
Wie lange darf man laut Gesetz einen Hund alleine lassen?;
Was ist der hübscheste Hund?;
Welche Hunde haben den besten Charakter?;
Welcher Hund ist der beliebteste Familienhund?;
Welcher Hund ist am Gehorsamsten?;
Was ist der Gutmütigste Hund?;
Welche Hunde sind unkompliziert?;
Welcher Hund ist am einfachsten?;
Welche Hunde beißen am meisten?;
Welcher Hund für ältere Frau?;
Welcher Hund ab 60 Jahren?;
Kann ich meinen Hund 9 Stunden alleine lassen?;
Welche Hunde brauchen am wenigsten Auslauf?;
Wann ist es zu spät einen Hund zu erziehen?;
Warum kein Schnauzengriff?;
Warum fixiert sich ein Hund auf eine Person?;
Kann ein Hund auch zwei Bezugspersonen haben?;
Was muss ich beachten wenn ich Hunde züchten will?;
Wie oft darf man mit einem Hund züchten?;
Wer vererbt die Fellfarbe beim Hund?;
Was ändert sich 2023 für Hundehalter?;
Wann liegt eine gewerbliche Hundezucht vor?;
Für welche Hunderasse muss man keine Steuern zahlen?;
Wie melde ich eine hobbyzucht an?;
In welchem Alter sollte man Welpen kaufen?;
Was zahlt man monatlich für einen Hund?;
Wie viel Zeit braucht man täglich für einen Hund?;
Wie alt muss ein Rüde sein um decken zu können?;
Was ist ein hobbyzüchter?;
Wer zahlt für Welpen?;
Welcher Hund ist am seltensten krank?;
Welche Hunde eignen sich für Anfänger?;
Welche Hunde werden sehr alt?;
Was ist die billigste Hunde Rasse?;
Wie beginnt man eine Hundezucht?;
Wie alt muss ein Hund sein um über die Grenze zu kommen?;
Welcher Welpe ist der beste von Wurf?;
Welche Hunderasse wirft die meisten Welpen?;
Wie lange müssen Welpen in der Wurfkiste bleiben?;
Hat eine Hündin Schmerzen beim decken?;
Wie viele Welpen bekommt ein Hund beim ersten Wurf?;
Wie oft darf ein Rüde am Tag decken?;
Was sollte man einen Hundezüchter Fragen?;
Welche Hunde sollte man nicht kreuzen?;
Was sagt die Fellfarbe über den Hund aus?;
Welcher Hund ist am wenigsten Überzüchtet?;
Was ist die Farbe Lilac bei Hunden?;
Ist Blueline ein Gendefekt?;
Welches ist die ruhigste Hunderasse?;
Wer ist der treueste Hund?;
Welche Hunde bellen am wenigsten?;
Sind BKH Krankheitsanfällig?;
Welches sind die gesündesten Katzenrassen?;
Ist der Bolonka eine Qualzucht?;
Sind Mischlingshunde gesünder?;
Welche Hunde werden am häufigsten krank?;
Welche Hunderasse bellt von Natur aus nicht?;
Welche Hunde sind gut zum Kuscheln?;
Ist ein Rüde oder eine Hündin besser?;
Sind kleine Hunde Tierquälerei?;
Ist mein Hund eine Qualzucht?;
Ist Pudel eine Qualzucht?;
Warum sind Ridgebacks Qualzucht?;
Welche Hunde leben am längsten?;
Wann sollte man sich keinen Hund holen?;
Kann das Ordnungsamt mir meinen Hund wegnehmen?;
Haben Hunde ein Zeitgefühl wenn sie alleine sind?;
Was finden Hunde eklig?;
Wo wird noch Hund gegessen?;
Werden auf den Philippinen Hunde gegessen?;
Warum isst man kein Hundefleisch?;
Wo wird in Deutschland Hundefleisch gegessen?;
Wie schmeckt Hundefleisch?;
Was schmeckt Hunden gar nicht?;
Würden Hunde ihren Besitzer fressen?;
Was passiert mit toten Hunden die man beim Tierarzt lässt?;
War nicht beim Einschläfern dabei?;
Würden Hunde Rattengift essen?;
Welches Tier kann man nicht essen?;
Ist Hundezucht steuerpflichtig?;
Wie sagt man einem Welpen nein?;
Warum sind Hündinnen beliebter als Rüden?;
Welche Hunderasse ist ruhig und gemütlich?;
Welcher Hund ist am leichtesten zu erziehen?;
