Ist es eine Quälerei Katzen in der Wohnung zu halten?;
Welche Katze kuschelt am liebsten?;
Welche Katze muss nicht raus?;
Welche Katze ist gut für Anfänger?;
Welche Katze ist die liebste?;
Welche Katze ist die teuerste Katze?;
Welches ist die intelligenteste Katze?;
Welche Katze verliert keine Haare?;
Welche Katzen miauen viel?;
Welche Katze ist für die Wohnung geeignet?;
Warum keine Rassekatze?;
Was ist die seltene Katze?;
Welche Katzen haben den besten Charakter?;
Was ist die stärkste Hauskatze?;
Welche Katze für Berufstätige?;
Was sind die friedlichsten Katzen?;
Welche Katzen sind liebevoll?;
Sollten Katzen nachts raus?;
Was tun wenn die Katze nervt?;
Was ist die ruhigste Katzenrasse?;
Wie viel kostet mich eine Katze im Monat?;
Sind BKH sehr verschmust?;
Welche Katze ist auf Platz 1?;
Was ist der teuerste Katze der Welt?;
Wer kuschelt mehr Kater oder Katze?;
Warum schreien Bengals?;
Was bedeutet F5 bei Katzen?;
Welche Katze ist die beste für Kinder?;
Wie hoch ist der IQ bei einer Katze?;
Warum miaut meine Katze Wenn ich sie anfasse?;
Wie lange kann sich eine Katze erinnern?;
Welche Katze ist gut für Allergiker?;
Was kostet eine Russian Blue?;
Wie lange kann eine Katze leben?;
Sollten Katzen im Schlafzimmer sein?;
Wo schlafen Katzen in der Wohnung?;
Kann eine Katze in der Wohnung glücklich sein?;
Sind Rassekatzen teurer beim Tierarzt?;
Haben wohnungskatzen Langeweile?;
Wie nennt man Katze ohne Rasse?;
Welche Katze kostet 1000 Euro?;
Warum heißt es dass Katzen 7 Leben haben?;
Haben Katzen echt 7 Leben?;
Was ist die aggressivste Katze der Welt?;
Was ist die hübscheste Katze?;
Wer ist die schönste Katze auf der Welt?;
Sind Hauskatzen aggressiv?;
Warum keine Maine Coon?;
Welche Katzen brauchen keinen Freigang?;
Welche Katzen Haaren am wenigsten?;
Welche Katze ist am einfachsten zu halten?;
Was ist die beliebteste Katze?;
Was ist die Zutraulichste Katze?;
Was sind die freundlichsten Katzen?;
Kann eine Katze 2 Geschlechter haben?;
Sollte man Katzen beim Schlafen zudecken?;
Wann friert eine Katze?;
Wie entschuldigen bei Katze?;
Warum folgt mir meine Katze auf Schritt und Tritt?;
Sind Katzen traurig wenn sie alleine sind?;
Wie viel kostet eine Katze im Monat?;
Was ist die beste wohnungskatze?;
Was ist die beliebteste Katze Farbe?;
Was ist die teuerste Katze der Welt?;
Was mögen BKH nicht?;
Wie lange darf man eine BKH Katze alleine lassen?;
Welche Katzen sind sehr menschenbezogen?;
Welche Katzen Haaren am meisten?;
Wie weint eine Katze?;
Sollte man immer 2 Katzen haben?;
Was beruhigt Katzen nachts?;
Was passiert wenn man seine Katze ignoriert?;
Was ist eine F1 Katze?;
Wie sieht eine Tabby Katze aus?;
Wie alt wird eine Tabby Katze?;
Was ist besser Junge oder Mädchen Katze?;
Welche Katze kann man alleine in der Wohnung halten?;
Welche Katzenrasse ist sehr ruhig?;
Wer ist treuer Hund oder Katze?;
Welches Tier hat den größten IQ?;
Was ist der größte Liebesbeweis einer Katze?;
Was bedeutet es wenn meine Katze bei mir im Bett schläft?;
Was denken Katzen wenn man weint?;
Was denkt meine Katze Wenn ich sie küsse?;
Kann sich eine Katze im Spiegel sehen?;
Wann ist eine Katze traurig?;
Welche Katzen haaren am wenigsten?;
Was für eine Rasse ist Garfield?;
Wie viel sind 9 Katzenjahre in menschenjahre?;
Wie alt ist eine 12 jährige Katze in menschenjahren?;
Wie alt ist eine 21 jährige Katze in menschenjahren?;
Warum leckt und beißt meine Katze mich?;
Was bedeutet es wenn eine Katze dich leckt?;
Was bedeutet es wenn meine Katze ihre Pfote auf mich legt?;
Soll man Katzen im Bett Schlafen lassen?;
Warum guckt meine Katze mich immer an?;
Ist eine Katze traurig wenn sie alleine ist?;
Was tun wenn die Katze unbedingt raus will?;
Welche Katzen dürfen nicht raus?;
Wie viel Kosten 2 Katzen im Monat?;
Kann eine Katze beleidigt sein?;
Wie lange sollte man am Tag mit der Katze spielen?;
Wie lange sollte man täglich mit einer Katze spielen?;
Wie heißen bunte Katzen?;
Was ist die kleinste Katzenrasse?;
Welche Katze am besten für Allergiker?;
Welches Tier hat 9 Leben?;
Was ist der Mensch für die Katze?;
Wie heißt das Baby von der Katze?;
Warum hat die Katze Angst vor Gurken?;
Wie viel Arbeit ist eine Katze?;
Wie zeigt Katze dass sie sich wohl fühlt?;
Welche Katze kann gut alleine sein?;
Welche Katze ist die ruhigste?;
Was sind die schönsten Katzen?;
Was ist die intelligenteste Katze der Welt?;
Wie heißt die berühmteste Katze?;
Was ist die aggressivste Katze?;
Welche Katze hat den besten Charakter?;
Kann eine Katze eifersüchtig sein?;
Was passiert mit einer Katze wenn man sie schlägt?;
Sollte man seine Katze Anfauchen?;
Sind Main Coon aggressiv?;
Sind Main Coon schmusekatzen?;
Warum Miauen Maine Coon so viel?;
Sollte ich meine Katze nachts rauslassen?;
Was sind reine Wohnungskatzen?;
Welche Katze eignet sich für Kinder?;
Sind Britisch Kurzhaar Katzen verschmust?;
Sollte man besser 2 Katzen halten?;
Warum greift mich meine Katze an wenn ich schlafe?;
Welche Katzen sind verschmust und anhänglich?;
Welche Katzen sind intelligent?;
Wann ist einer Katze langweilig?;
Wer schmust mehr Katze oder Kater?;
Ist es Tierquälerei eine Katze alleine zu halten?;
Kann eine Katze weinen?;
Was darf man einer Katze nicht zu fressen geben?;
Kann eine Katze fernsehen?;
Kann eine Katze lachen?;
Warum machen Katzen einen Buckel wenn man sie streichelt?;
Kann man eine Katze 1 Woche alleine lassen?;
Kann eine Katze ihren Besitzer vergessen?;
Wie viel darf eine Katze am Tag essen?;
Welche Farbe macht Katzen aggressiv?;
Welche Katze spricht am meisten?;
Welche Katze ist die schönste Katze der Welt?;
Wie heißt die Katze die aussieht wie ein Tiger?;
Können BKH miauen?;
Sind Britisch Kurzhaar Katze aggressiv?;
Soll man Katzen im Bett schlafen lassen?;
Wo soll Katze nachts schlafen?;
Welche Katzen sind nicht verschmust?;
Welche Katze am besten für Wohnung?;
Welche Katze kann man alleine lassen?;
Warum weckt mich meine Katze nachts?;
Was tun wenn die Katze morgens nervt?;
Was heißt auf Katzensprache nein?;
Warum duckt sich meine Katze Wenn ich sie Streicheln will?;
Wo stellt man am besten ein Katzenklo auf?;
Wann ist eine Katze unglücklich?;
Was nervt Katzen?;
Wie zeige ich meiner Katze dass sie mir weh tut?;
Wie schimpft man eine Katze?;
Wie schimpft eine Katze?;
Warum sind Bengalkatzen verboten?;
Was ist besser F1 oder F2?;
Was ist der Unterschied zwischen F1 und F2?;
Was für eine Katze ist Garfield?;
Was ist die häufigste Katzenfarbe?;
Wie sehen ragdolls aus?;
Was für eine Rasse ist die Sheba Katze?;
Wie viel kostet eine Garfield Katze?;
Welche Katze ist sehr verschmust?;
Können 2 Katzen auf ein Klo gehen?;
Sind 3 Katzen besser als 2?;
Welche Katze kuschelt am meisten?;
Was denkt meine Katze wer ich bin?;
Wer ist der Chef bei Katzen?;
Wer ist der Feind der Hauskatze?;
Sind Katzen Narzissten?;
Was ist das sozialste Tier?;
Wer ist intelligenter Hund oder Katze?;
Was ist das klügste Tier?;
Wie sagen Katzen danke?;
Was bedeutet es wenn die Katze bei einem im Bett schläft?;
Was die Katzen nicht mögen?;
Wie hört es sich an wenn eine Katze weint?;
Wie lange sollte man am Tag mit seiner Katze spielen?;
Können Katzen Liebe spüren?;
Wie viele Bezugspersonen hat eine Katze?;
Welche Katzen sind ruhig und verschmust?;
Welche Katzen fallen unter qualzucht?;
Welche Rasse sind orange Katzen?;
Wie heißt der Vater von Garfield?;
Kann ich meine Katze nur mit Trockenfutter füttern?;
Wie viel ist 1 Jahr in Katzenjahren?;
Warum stinkt meine Katze aus dem Maul?;
Wie viel sollte eine Katze am Tag essen?;
Kann eine Katze dement werden?;
Wie alt ist die älteste Katze auf der Welt?;
Warum schreit meine alte Katze so?;
Welche Katzen werden nicht alt?;
Kann ich meiner Katze Schlaftabletten geben?;
Wie viel ist ein katzenleben in Menschenleben?;
Wann ist eine Katze in der Pubertät?;
Wie lange leben Katzen zuhause?;
Wie zeigt eine Katze Vertrauen?;
Wie kann ich meiner Katze zeigen dass ich sie lieb habe?;
Was fühlt eine Katze wenn man sie küsst?;
Was denkt meine Katzen wenn man sie küsst?;
Wie sagt man auf Katzensprache Hallo?;
Was bedeutet es wenn meine Katze mir auf Schritt und Tritt folgt?;
Wie begrüßen Katzen Menschen?;
Was bedeutet wenn eine Katze mit im Bett schläft?;
Was bedeutet es wenn meine Katze neben mir schläft?;
Warum heben Katzen den Po wenn man sie streichelt?;
Was bedeutet es wenn meine Katze mich beißt?;
Wie bringe ich meiner Katze bei was sie nicht darf?;
Warum gehen Katzen mit ins Bad?;
Ist es Tierquälerei Katzen an der Leine?;
Sind Katze traurig wenn sie nicht raus darf?;
Warum duckt sich meine Katze Wenn ich sie streicheln will?;
Wie kann man sich bei einer Katze entschuldigen?;
Wie kann man Katzen nachts beschäftigen?;
Was passiert wenn man mit Katzen nicht spielt?;
Was machen Katzen den ganzen Tag in der Wohnung?;
Kann man Katze auspowern?;
Warum legen sich Katzen auf den Menschen?;
Können Katzen sich langweilen?;
Was sind coole katzennamen?;
Wie heißen die Katzen der Stars?;
Welche Farbe mögen Katzen nicht?;
Welche Katzenrasse ist die aggressivste?;
Welche Katzenrasse ist am Zutraulichsten?;
Warum sagt man dass eine Katze 7 Leben hat?;
Ist eine Savannah Katze in Deutschland erlaubt?;
Kann eine Katze ihre Tage bekommen?;
Wie alt ist eine Katze mit 20 Jahren?;
Wie lange vermisst eine Katze ihre Mutter?;
Was war der größte Wurf einer Katze?;
Was für Menschen mögen Katzen?;
Welchen Geruch hassen Katzen am meisten?;
Was beruhigt Katzen bei Angst?;
Wo schläft eine Katze am liebsten?;
Wie sagt man Katze ich liebe dich?;
Welche Katzen kuscheln am meisten?;
Ist es Tierquälerei Katzen in der Wohnung zu halten?;
Ist eine wohnungskatze unglücklich?;
Sollte man immer 2 Katzen halten?;
Kann ich meine Katze 14 Tage alleine lassen?;
Welche Katze ist die Schönste?;
Welche Katze Haart am wenigsten?;
Wie heißt die Katze von Disney?;
Was ist die beliebteste Katze der Welt?;
Kann eine Katze Lächeln?;
Wie sagt man einer Katze nein?;
Was sollte man bei Katzen nicht tun?;
Wie kann man eine Katze schimpfen?;
Wo schlafen Maine Coon am liebsten?;
Was ist der Unterschied zwischen Main Coon und Norwegischer Waldkatze?;
Was bedeutet das M auf der Stirn bei Katzen?;
Was denken Katzen wenn man sie an miaut?;
Wann wird eine Katze kuschelig?;
Wann wird Katze kuschelig?;
Wie oft sollte eine Katze aufs Klo gehen?;
Wie lange kann ich meine Katze alleine lassen?;
Wie merkt man bei einer Katze Wer die Bezugsperson ist?;
Kann man Katzen den ganzen Tag alleine lassen?;
Welche Katzen sind am gesündesten?;
Was ist der Feind der Hauskatze?;
Welche Katzen kuscheln viel?;
Was sollte eine BKH Katze kosten?;
Welche Katze ist sehr menschenbezogen?;
Sind 2 Katzen teurer als eine?;
Was kostet es Katzen zu impfen?;
Welche Katze ist unkompliziert?;
Welche Katzen reden viel?;
Welche Katze ist die berühmteste?;
Ist es gut wenn die Katze im Bett schläft?;
Warum schmust mein Kater erst und dann beißt er?;
Wie nachtragend sind Katzen?;
Welches ist die ruhigste Katzenrasse?;
Sollte man eine Katze waschen?;
Was hassen Katzen am meisten?;
Ist Käse schlecht für Katzen?;
Warum machen Katzen beim Streicheln den Po hoch?;
Was mögen Katzen beim Kuscheln?;
Wie man eine Katze grüßt?;
Warum umarmt mich meine Katze?;
Welche Berührungen mögen Katzen?;
Sind Katzen traurig wenn sie von der Mutter getrennt werden?;
Wie sehen die Katzen Menschen?;
Welche Katzen sind sehr verschmust?;
Was trinken die Katzen?;
Ist es gut Katzen nur Trockenfutter zu geben?;
Wie oft muss ich das Katzenklo sauber machen?;
Welche Katze Haart nicht so viel?;
Welche Katzen werden am wenigsten krank?;
Was braucht man für eine Wohnungskatze?;
Was bedeutet es wenn die Katze weint?;
Welche Katze miaut nicht?;
Welche Katze gut als Wohnungskatze?;
Was sind die intelligentesten Katzen?;
Woher kommt die Tabby Katze?;
Was bedeutet das M auf der Stirn von Katzen?;
Können Katzen und Tiger sich paaren?;
Sind BKH schmusekatzen?;
Wie viel kostet eine BKH?;
Wie lange können BKH alleine bleiben?;
Wie intelligent sind BKH?;
Kann man eine BKH alleine halten?;
Was bedeutet es wenn Katze auf mir liegt?;
Warum wollen Katzen mit ins Bad?;
