Kann Ihre Ernährung Ihre Rückenschmerzen beeinflussen? Erfahren Sie es hier;
Die Verbindung zwischen Entzündungen und Rückenschmerzen: Was Sie essen können, um zu helfen;
Der Einfluss von Hydration auf die Rückengesundheit: Fakten und Mythen;
Kalzium und Rückengesundheit: Warum es wichtig ist;
Die besten Lebensmittel, um Rückenschmerzen zu bekämpfen: Was die Wissenschaft sagt;
Vermeiden Sie diese Lebensmittel, um Rückenschmerzen vorzubeugen;
Wie eine ausgewogene Ernährung bei der Prävention von Rückenschmerzen hilft;
Ernährungsstrategien für einen schmerzfreien Rücken: Was Experten empfehlen;
Warum eine entzündungshemmende Diät Rückenschmerzen lindern kann;
Der Zusammenhang zwischen Gewicht und Rückenschmerzen: Wie die richtige Ernährung helfen kann;
Die Auswirkungen von Koffein auf Rückenschmerzen: Was Sie wissen sollten;
Die Rolle von Vitamin D bei der Unterstützung der Rückengesundheit;
Zucker und Rückenschmerzen: Gibt es eine Verbindung?;
Kann eine vegetarische Ernährung dazu beitragen, Rückenschmerzen zu lindern?;
Wie gesunde Fette zur Linderung von Rückenschmerzen beitragen können;
Die Bedeutung der Proteinaufnahme für die Rückengesundheit;
Gesunde Ernährungsgewohnheiten für eine stärkere Wirbelsäule;
Omega-3-Fettsäuren und ihr Einfluss auf Rückenschmerzen;
Die Rolle von Ballaststoffen in einer rückengesunden Diät;
Kann Alkohol Rückenschmerzen verschlimmern? Was Sie wissen müssen;
So unterstützt eine ausgewogene Ernährung Ihre Rückenmuskulatur;
Rückenschmerzen: Die Auswirkungen von verarbeiteten Lebensmitteln;
Vitamin B12 und Rückenschmerzen: Was ist die Verbindung?;
Wie Obst und Gemüse zur Linderung von Rückenschmerzen beitragen können;
Die Auswirkungen von Dehydration auf Rückenschmerzen;
Die Bedeutung von Mikronährstoffen für einen gesunden Rücken;
Kann eine glutenfreie Diät Rückenschmerzen lindern?;
Ernährung und Rückengesundheit: Der Einfluss von Milchprodukten;
Wie eine ausgewogene Ernährung Ihre Wirbelsäule stärken kann;
Kann Fasten Rückenschmerzen lindern? Was die Forschung sagt;
Die Auswirkungen von Übergewicht auf Rückenschmerzen: Die Rolle der Ernährung;
Fördert zu viel Salz Rückenschmerzen? Was die Wissenschaft sagt;
Rückenschmerzen: Der Einfluss von rotem Fleisch;
Wie Vollkornprodukte zur Rückengesundheit beitragen können;
Die Vorteile von grünem Tee bei der Linderung von Rückenschmerzen;
Ist Ihr Morgenkaffee schuld an Ihren Rückenschmerzen?;
Die richtige Hydration und ihr Einfluss auf Rückenschmerzen;
Ernährung und Rückenschmerzen: Die Bedeutung einer ausgewogenen Darmflora;
Wie die mediterrane Ernährung zur Linderung von Rückenschmerzen beitragen kann;
Rückenschmerzen? Warum Sie mehr Magnesium in Ihre Ernährung integrieren sollten;
Ernährungsumstellung: Kann sie helfen, Rückenschmerzen zu lindern?;
Die Rolle von Antioxidantien in der Prävention und Behandlung von Rückenschmerzen;
Kann der Verzehr von Nüssen und Samen helfen, Rückenschmerzen zu reduzieren?;
Rückenschmerzen: Gibt es einen Zusammenhang mit dem Konsum von Eiweißshakes?;
So kann Alkoholkonsum Ihre Rückenschmerzen beeinflussen;
Kann der Verzehr von Hülsenfrüchten helfen, Rückenschmerzen zu lindern?;
Warum Sie übermäßige Zuckeraufnahme vermeiden sollten, wenn Sie unter Rückenschmerzen leiden;
Wie der Verzehr von Pilzen dazu beitragen kann, Rückenschmerzen zu reduzieren;
Kann der Verzehr von Fisch und Meeresfrüchten dazu beitragen, Rückenschmerzen zu lindern?;
Rückenschmerzen: Wie eine kohlenhydratarme Diät helfen könnte;
Wie Süßigkeiten und zuckerhaltige Getränke Ihre Rückenschmerzen verschlimmern können;
So kann der Verzehr von Beeren dazu beitragen, Rückenschmerzen zu reduzieren;
Kann der Verzehr von Geflügel helfen, Rückenschmerzen zu lindern?;
Rückenschmerzen: Warum eine ausreichende Kalziumzufuhr wichtig ist;
Wie der Verzehr von dunkler Schokolade dazu beitragen kann, Rückenschmerzen zu reduzieren;
Kann der Verzehr von rotem Fleisch dazu beitragen, Rückenschmerzen zu verstärken?;
So kann der Verzehr von grünem Blattgemüse dazu beitragen, Rückenschmerzen zu reduzieren;
Kann der Verzehr von Vollkornprodukten dazu beitragen, Rückenschmerzen zu lindern?;
Rückenschmerzen: Warum eine ausreichende Zinkzufuhr wichtig ist;
Wie der Verzehr von Avocados dazu beitragen kann, Rückenschmerzen zu reduzieren;
Die Rolle von Ballaststoffen bei der Behandlung von Rückenschmerzen;
Rückenschmerzen und Ernährung: Können Probiotika helfen?;
Kann der Verzehr von fermentierten Lebensmitteln Rückenschmerzen lindern?;
So kann der Verzehr von Quinoa Ihre Rückenschmerzen beeinflussen;
Ernährung bei Rückenschmerzen: Welche Rolle spielt Vitamin D?;
Die Wirkung von Zitrusfrüchten auf Rückenschmerzen: Was Sie wissen sollten;
Warum Faserstoffe Ihre beste Verteidigung gegen Rückenschmerzen sein könnten;
Kann der Verzehr von Hülsenfrüchten Rückenschmerzen lindern?;
Entzündungshemmende Diät: Eine Lösung für Rückenschmerzen?;
Wie der Konsum von Rapsöl Ihre Rückenschmerzen beeinflussen kann;
Die Rolle von Omega-3-Fettsäuren bei Rückenschmerzen;
Rückenschmerzen: Die positiven Auswirkungen des Verzehrs von roten Beeren;
Warum eine glutenfreie Diät helfen könnte, Ihre Rückenschmerzen zu lindern;
Kann der Verzehr von Käse Rückenschmerzen verursachen oder lindern?;
Wie der Verzehr von Nüssen und Samen Rückenschmerzen beeinflusst;
Rückenschmerzen und Koffeinkonsum: Gibt es einen Zusammenhang?;
Die Auswirkungen von Fast Food auf Rückenschmerzen: Eine tiefergehende Untersuchung;
Kann der Verzehr von Seetang helfen, Rückenschmerzen zu lindern?;
Die Auswirkungen von Alkoholkonsum auf Rückenschmerzen;
Warum die Ketogene Diät Ihre Rückenschmerzen verbessern könnte;
Rückenschmerzen: Die Auswirkungen des Verzehrs von scharfem Essen;
Wie der Verzehr von Kreuzblütlern Rückenschmerzen beeinflusst;
Rückenschmerzen und Zucker: Warum Sie Ihre Süßigkeiten möglicherweise zweimal überdenken sollten;
Kann der Verzehr von grünem Tee helfen, Rückenschmerzen zu lindern?;
Warum eine hohe Zufuhr von verarbeitetem Fleisch Rückenschmerzen verschlimmern könnte;
