Was sind die 4 bindungstypen?;
Welche Bindungstheorie gibt es?;
Was versteht man unter Bindungstheorie?;
Welche Bindungstypen gibt?;
Was besagt die Bindungstheorie nach Bowlby?;
Was sagt die aktuelle Bindungstheorie?;
Was ist ein Bindungsstil?;
Welche Bindungstypen gibt es Beziehung?;
Wie viele bindungstypen gibt es?;
Wie erkenne ich die bindungstypen?;
Warum ist die Bindungstheorie für Erzieher wichtig?;
Was ist Bindung kurz erklärt?;
Wie heißen die drei bindungsarten?;
Welche Bindungstypen gibt es Pädagogik?;
Welche drei bindungstypen werden unterschieden?;
Welche Bindungstypen gibt es laut der Theorie von John Bowlby?;
Welche bindungstypen passen nicht zusammen?;
Welche Entwicklungsphasen der Bindung gibt es?;
Was ist der Unterschied zwischen Triebtheorie und Bindungstheorie?;
Wie zeigt sich eine schlechte Bindung?;
Kann man seinen bindungstyp ändern?;
Was ist ein ängstlicher Bindungsstil?;
Wie viele bindungsstörungen gibt es?;
Welcher bindungstyp bin ich Bowlby?;
Was braucht ein Vermeidender bindungstyp?;
Wie entsteht ambivalente Bindung?;
Bin ich ein Vermeidender bindungstyp?;
In welchem Alter entsteht Bindung?;
Was ist der Unterschied zwischen Bindung und Beziehung?;
Was ist ein sicherer bindungstyp?;
Was gibt es für bindungsstörungen?;
Was ist ambivalente Bindung?;
Woher kommt unsicher ambivalente Bindung?;
Was ist das Ziel von Bindung?;
Wie baut man eine sichere Bindung auf?;
Wie kann man Bindung aufbauen?;
Was stört die Mutter Kind Bindung?;
Wie zeigt sich eine gute Bindung?;
Welche Bindung ist am stärksten?;
Was ist der Unterschied zwischen Primär und Sekundärbindungen?;
Welche Bindungen sind gerichtet?;
Wie entstehen die verschiedenen Bindungstypen?;
Wie der Bindungsstil trennt uns zusammenhält?;
Kann ein bindungsmuster verändert werden?;
Was sagt die Bindungstheorie aus?;
Wie Verhalten sich Bindungsgestörte Kinder?;
Was ist ein Vermeidender Bindungsstil?;
Was stärkt die Bindung?;
Kann man eine Bindungsstörung heilen?;
Woher kommt die bindungsangst?;
Ist bindungsangst eine Persönlichkeitsstörung?;
Wie fühlen sich Menschen mit Bindungsangst?;
Sind alle Bindungsängstler Narzissten?;
Welche 3 beziehungstypen gibt es?;
Was ist das Gegenteil von bindungsangst?;
Welche Bindungsstile ziehen sich an?;
Ist Borderline eine Bindungsstörung?;
Ist Autismus eine Bindungsstörung?;
Welche bindungstypen passen zusammen?;
Kann sich der bindungstyp ändern?;
Wie äußern sich Bindungsstörungen im Erwachsenenalter?;
Wie Verhalten sich unsicher ambivalente Bindung?;
Wie erkennt man unsichere Bindung?;
Wie erkennt man eine Bindungsstörung?;
Habe ich Bindungs oder verlustangst?;
Warum kann ich Nähe nicht zulassen?;
Wie entsteht eine Mutter Kind Bindung?;
Wie erkennt man gute Bindung?;
Ist ADHS eine Bindungsstörung?;
Können Menschen mit Bindungsstörung lieben?;
Was versteht man unter emotionaler Bindung?;
Welche Bindungstheorien gibt es?;
Wie verhält sich ein ambivalent gebundenes Kind?;
In welche Lebensphase findet Bindung statt?;
Was stärkt die Bindung Beziehung?;
Kann man bindungsstörung heilen?;
Wie verhält sich ein sicher gebundenes Kind?;
Was ist eine gute Bindung?;
Wie erkennt man manipulierte Kinder?;
Wie Verhalten sich emotional vernachlässigte Kinder?;
Welche Jahre sind die wichtigsten beim Kind?;
Wie entsteht eine unsichere Bindung?;
Was bewirkt fehlende Mutterliebe?;
Was stärkt die Mutter Kind Bindung?;
Was ist die schwächste Bindung?;
Wie heißen die drei Bindungsarten?;
Was ist eine schwache Bindung?;
Welche Grundbindungen gibt es?;
Was ist eine polare und unpolare Bindung?;
Wie entstehen Sigma Bindungen?;
Was ist die van der Waals Bindung?;
Was ist der Unterschied zwischen polar und unpolar?;
Wie viele Bindungstheorien gibt es?;
Was für beziehungstypen gibt es?;
Haben Bindungsängstliche Gefühle?;
Warum haben borderliner Angst vor Nähe?;
Was ist Bindung einfach erklärt?;
Wie entsteht ängstlicher Bindungsstil?;
Welche 4 bindungstypen gibt es?;
Wie äußert sich eine gestörte Mutter Kind Bindung?;
Wie äußert sich ein Bindungstrauma?;
Wie äußern sich bindungsstörungen im Erwachsenenalter?;
Wie entsteht eine unsicher ambivalente Bindung?;
Was gehört alles zur Bindungstheorie?;
Was besagt die Bindungstheorie von John Bowlby?;
Wie entsteht gute Bindung?;
Wie baut man eine emotionale Bindung auf?;
Ist Bindungsstörung ein Trauma?;
Was brauchen Menschen mit Bindungsangst?;
Wie therapiert man bindungsangst?;
Wie denken Menschen mit Bindungsangst?;
Wie verlieben sich Bindungsängstliche?;
Kann man bindungsangst heilen?;
Wie liebt ein Bindungsängstler?;
Wie verhalten sich Frauen mit Bindungsangst?;
Kann Distanz Nähe schaffen?;
Wie Verhalten sich Narzissten im Bett?;
Wie Narzissten sich entschuldigen?;
Haben Narzissten Angst vor Nähe?;
Welche Beziehungen sind toxisch?;
Was triggert bindungsangst?;
Warum können Borderliner keine Nähe zulassen?;
Sind Borderliner auch Narzissten?;
Was triggert einen Borderliner?;
Wie zeigen Autisten ihre Liebe?;
Können Autisten kuscheln?;
Was ist ein Vermeidender Beziehungstyp?;
Wie nennt man 3er Beziehungen?;
Wie zeigt sich unsicher-ambivalente Bindung?;
Welche Störungen können bei gestörter Bindung auftreten?;
Welche Arten von bindungstypen gibt es?;
Wie heilt man eine Bindungsstörung?;
Kann man eine sichere Bindung nachholen?;
Wie Verhalten sich Menschen mit Bindungsängsten?;
Wie äußert sich eine Körperkontaktstörung?;
Wann sollte man keine Beziehung eingehen?;
Was stört die Mutter-Kind-Bindung?;
Wie erkenne ich eine gute Mutter-Kind-Bindung?;
Was fördert Bindung?;
Ist Bindung gleich Beziehung?;
Warum ist die Bindungstheorie wichtig für Erzieher?;
Können sich bindungstypen verändern?;
Was sollte man nie zu seinem Kind sagen?;
Warum leben Menschen mit ADHS kürzer?;
Haben Menschen mit ADHS Empathie?;
In welchem Alter ist ADHS am schlimmsten?;
Welche Sternzeichen haben Angst sich zu verlieben?;
Was ist eine soziale Bindung?;
Woher kommt unsicher-ambivalente Bindung?;
Was ist eine reaktive Bindungsstörung?;
Kann Bindung nachgeholt werden?;
Welchen bindungstyp hat mein Kind?;
Wie erkenne ich eine gute Mutter Kind Bindung?;
Welche Lebensjahre gelten als besonders prägend?;
Welche drei Dinge sind dir in einer Beziehung am wichtigsten?;
Was ist ein no go in einer Beziehung?;
Ist eine Bindungsstörung eine Behinderung?;
Kann das Urvertrauen zerstört werden?;
Was stärkt die Bindung in einer Beziehung?;
Ist Bindung und Beziehung das Gleiche?;
Wo fängt psychische Gewalt bei Kindern an?;
Wann ist eine Mutter nicht Erziehungsfähig?;
Was ist das PAS Syndrom?;
Was macht die Psyche eines Kindes kaputt?;
Wie Verhalten sich manipulierte Kinder?;
Wann ist ein Kind sozial emotional auffällig?;
Was ist das schlimmste Alter bei Kindern?;
Wann ist das schlimmste Alter bei Kindern?;
Warum gute Eltern anstrengende Kinder haben?;
Wie erkennt man eine Bindungsstörung zum Kind?;
Was gibt es für Bindungsstörungen?;
Wie macht sich das innere Kind bemerkbar?;
Was passiert mit Kindern die oft angeschrien werden?;
Wie verhält sich eine toxische Mutter?;
Kann Mutter Kind Bindung zu eng sein?;
Haben Kinder eine engere Bindung zur Mutter?;
Welche Bindung ist die stärkste?;
Welche Arten von Bindungen gibt es?;
Wie äußert sich eine sichere Bindung?;
Wie erkenne ich die bindungsart?;
Was macht eine gute Bindung aus?;
Was bedeutet Kette und Schuss?;
Wie sieht eine atlasbindung aus?;
Woher weiß man ob polar oder unpolar?;
Wann unpolar und wann Polar?;
Wie unterscheiden sich Sigma und Pi Bindungen?;
Was ist eine Omega Bindung?;
Was ist eine Dipol Bindung?;
Was sind London Wechselwirkungen?;
Welche Bindungen sind polar?;
Kann man seinen Bindungsstil ändern?;
Was tun bei Vermeidender Bindungsstil?;
Wie entsteht ein Bindungstrauma?;
Warum wird man Vermeidender Beziehungstyp?;
Soll man Bindungsphobiker in Ruhe lassen?;
Wie sind Borderliner im Bett?;
Was gibt es für Bindungstheorien?;
Bin ich unsicher ambivalent gebunden?;
Warum ist Nähe und Distanz wichtig?;
Welche drei Bindungsarten gibt es?;
Was ist schlimmer Borderline oder bipolar?;
Welche Berufe sind für Borderliner geeignet?;
Was tun bei unsicher ambivalenter Bindung?;
Welche bindungsformen gibt es?;
Was ist eine positive Bindung?;
Was ist wichtig für eine Bindung?;
Wie fühlt sich tiefe Liebe an?;
Warum können manche Menschen keine Nähe zulassen?;
Ist Liebe eine Emotion oder ein Gefühl?;
Wie äußert sich eine Bindungsstörung bei Erwachsenen?;
Kann man Bindungstrauma heilen?;
Können Menschen mit Bindungsangst eine Beziehung führen?;
Wie fühlt sich jemand mit Bindungsangst?;
Was ist passive bindungsangst?;
Wann kommt ein Bindungsängstler zurück?;
Wann vermisst Bindungsängstlicher?;
Sind Bindungsängstliche glücklich?;
Wie fühlen sich Bindungsängstliche nach Trennung?;
Wie geht man mit einer Person mit Bindungsängsten um?;
Wie leben Menschen mit Bindungsangst?;
Ist bindungsangst eine psychische Krankheit?;
Ist bindungsangst toxisch?;
Sind Bindungsphobiker eifersüchtig?;
Welche Arten von bindungsangst gibt es?;
Wie zeigt ein Mann mit bindungsangst Gefühle?;
Habe ich bindungsangst oder kein Interesse?;
Wie verhalten sich Männer wenn sie gestresst sind?;
Wann zieht ein Mann sich zurück?;
Wann soll man aufhören zu kämpfen?;
Welche Sätze verwenden Narzissten?;
Wann zeigt die Narzissten ihr wahres Gesicht?;
Wie teste ich ob er ein Narzisst ist?;
Wie man einen Narzissten entmachtet?;
Wie bestraft ein Narzisst seinen Partner?;
Was schreckt Narzissten ab?;
Wann sagt ein Narzisst die Wahrheit?;
Wann distanziert sich ein Narzisst?;
Wann fliegt ein Narzisst auf?;
Was ist Gaslighting in einer Beziehung?;
Was ärgert toxische Menschen?;
Wie reagiert ein toxischer Partner auf Trennung?;
Wie erkenne ich einen sicheren bindungstyp?;
Was ist Triggern bei Borderline?;
Wen ziehen Borderliner an?;
Warum zerstören Borderliner Beziehungen?;
Was hassen Borderliner?;
Wie zeigt ein Borderliner Liebe?;
Ist ein Borderliner toxisch?;
Was können Borderliner nicht?;
Was finden Autisten attraktiv?;
Warum werden Autisten nicht gerne berührt?;
Welche Bindungstypen gibt es nach Bowlby?;
Haben Autisten sexuelles Verlangen?;
Welche Farben mögen Autisten?;
Was stresst Autisten?;
Wie heißen die 5 Sprachen der Liebe?;
Welche Menschen passen zusammen?;
Wie nennt man eine Beziehung ohne Liebe?;
Kann man für 2 Personen Gefühle haben?;
Sind Polyamore Beziehungen erlaubt?;
Wie Verhalten sich unsicher gebundene Kinder?;
Wie mit einem Vermeidendem Beziehungstyp umgehen?;
Was sind die drei bindungstypen?;
Woher kommen Bindungsstörungen?;
Ist ein Bindungstrauma heilbar?;
Wie entsteht Trauma Bonding?;
Was ist unsicher ambivalente Bindung?;
Was ist die IoPT Methode?;
Wie verhält sich jemand mit Bindungsangst?;
Welche Therapie gibt es für Bindungsstörung?;
Wie erkennt man eine unsichere Bindung?;
Wie erkennt man unsicher vermeidende Bindung?;
Wie entsteht ein ängstlicher Bindungsstil?;
Ist bindungsangst eine Bindungsstörung?;
Kann man mit bindungsangst lieben?;
Woher kommt berührungsangst?;
Wie kann ich wieder Nähe zulassen?;
Was ist die schwierigste Phase in einer Beziehung?;
Welche Zeit in einer Beziehung ist am schwierigsten?;
Wie merkt man eine gute Mutter Kind Bindung?;
Wann entsteht Vater Kind Bindung?;
Warum Mutter Kind Bindung wichtig?;
Wann fängt Bindung an?;
Wie entsteht Bindung zum Kind?;
Hat mein Kind eine Bindungsstörung?;
Welche Beziehungen sind zum Scheitern verurteilt?;
Was Kinder Eltern nicht verzeihen?;
Was sind schwerwiegende erziehungsfehler?;
Wie baut man eine gute Bindung auf?;
Was stört Mutter Kind Bindung?;
Sind Menschen mit ADHS intelligent?;
Wie zeigt ein ADHSler seine Liebe?;
Sind Adhsler narzisstisch?;
Warum Leben Menschen mit ADHS kürzer?;
Was mögen Adhsler nicht?;
Sind Eltern schuld wenn Kinder ADHS haben?;
Was darf ein ADHS nicht essen?;
Wie viel Prozent Behinderung bekommt man bei ADHS?;
Was ist aggressivste Sternzeichen?;
Was sind die treuesten Sternzeichen?;
Welche Sternzeichen sind traumpaare?;
Was sind die bindungstypen?;
Was ist eine emotionale Bindung?;
Auf welche Annahme gründet die Bindungstheorie?;