Which hosting is most secure?;;"I want you to consider the title of the article: ""TITLE"" and write a comparison of these best hosting companies: InterServer; GreenGeeks; Siteground; Hostgator; HostArmada. Please make a table of the advantages of these hosting companies (without html code). ";1;
Which type of hosting is fastest?;;"I want you to consider the title of the article: ""TITLE"" and write a comparison of these best hosting companies: InterServer; GreenGeeks; Siteground; Hostgator; HostArmada. Please make a table of the advantages of these hosting companies (without html code). ";2;
Which hosting is best for startups?;;"I want you to consider the title of the article: ""TITLE"" and write a comparison of these best hosting companies: HostArmada.";3;
Can web hosting be hacked?;;;4;
What are the 2 types of web hosting?;;"I want you to consider the title of the article: ""TITLE"" and write a comparison of these best hosting companies: InterServer; HostArmada.";5;
Which hosting is best for unlimited traffic?;;"I want you to consider the title of the article: ""TITLE"" and write a comparison of these best hosting companies: InterServer; GreenGeeks.";6;
Which hosting is best for multiple websites?;;"I want you to consider the title of the article: ""TITLE"" and write a comparison of these best hosting companies: InterServer; GreenGeeks; Siteground; NameCheap; HostArmada. Please make a table of the advantages of these hosting companies (without html code). ";7;
How do I choose a good hosting platform?;;"I want you to consider the title of the article: ""TITLE"" and write a comparison of these best hosting companies: HostArmada.";8;
Which cloud hosting is best?;;"I want you to consider the title of the article: ""TITLE"" and write a comparison of these best hosting companies: HostArmada.";9;
What is the most common type of hosting?;;"I want you to consider the title of the article: ""TITLE"" and write a comparison of these best hosting companies: InterServer; GreenGeeks; Siteground; HostArmada; Rocket Net. Please make a table of the advantages of these hosting companies (without html code). ";10;
What type of hosting do you need?;;"Write about the benefits of buying HostArmada hosting. And also write a call to action at the end of the benefits; so that people 100% want to buy this hosting (Don't mention the phrase itself in the text - a call to action).";11;
What website gets hacked the most?;;;12;
What is the risk of web hosting?;;;13;
What are the risks of online hosting?;;"Write about the benefits of buying HostArmada online hosting. And also write a call to action at the end of the benefits; so that people 100% want to buy this hosting (Don't mention the phrase itself in the text - a call to action).";14;
What is free website hosting?;;;15;
What is a fully hosted website?;;;16;
Is web hosting necessary for a website?;;"Write about the benefits of buying Rocket Net hosting. And also write a call to action at the end of the benefits; so that people 100% want to buy this hosting (Don't mention the phrase itself in the text - a call to action).";17;
Which hosting is better than Bluehost?;;"I want you to consider the title of the article: ""TITLE"" and write a comparison of these best hosting companies: InterServer; GreenGeeks; Siteground
Please make a table of the advantages of these hosting companies (without html code). ";18;
Does hosting affect speed?;;;19;
Is free web hosting good?;;;20;
Why not to use GoDaddy?;;"Describe the benefits of buying InterServer. Specify why InterServer Hosting is better than Godaddy. And also write a call to action at the end of the benefits; so that people 100% want to buy this hosting (Don't mention the phrase itself in the text - a call to action).";21;21-40
Is InterServer Hosting faster than Hostgator?;;;22;
Is domains Google free?;;;23;
Is GoDaddy better than Rocket Net Hosting?;;"Describe the benefits of buying Rocket Net. Specify why Rocket Net Hosting is better than Godaddy. And also write a call to action at the end of the benefits; so that people 100% want to buy this hosting (Don't mention the phrase itself in the text - a call to action).";24;
Who is GoDaddy's biggest competitor?;;"Describe the benefits of buying InterServer. Specify why InterServer Hosting is better than Godaddy. And also write a call to action at the end of the benefits; so that people 100% want to buy this hosting (Don't mention the phrase itself in the text - a call to action).";25;
Is InterServer better than Rocket Net?;;;26;
Should I buy domain or hosting?;Domain the best SiteGround and hosting;"Write about the benefits of buying SiteGround hosting. And also write a call to action at the end of the benefits; so that people 100% want to buy this hosting (Don't mention the phrase itself in the text - a call to action).";27;
Can I have 2 domains on one host?;;"Write about the benefits of buying SiteGround hosting. And also write a call to action at the end of the benefits; so that people 100% want to buy this hosting (Don't mention the phrase itself in the text - a call to action).";28;
Can I host 2 websites on same server?;;"Write about the benefits of buying InterServer hosting. And also write a call to action at the end of the benefits; so that people 100% want to buy this hosting (Don't mention the phrase itself in the text - a call to action).";29;
How many websites can you host on one IP?;;"Write about the benefits of buying NameCheap hosting. And also write a call to action at the end of the benefits; so that people 100% want to buy this hosting (Don't mention the phrase itself in the text - a call to action).";30;
Should I pay for hosting?;;;31;
Which platform is best for domain and hosting?;Siteground;"Write about the benefits of buying Siteground hosting. And also write a call to action at the end of the benefits; so that people 100% want to buy this hosting (Don't mention the phrase itself in the text - a call to action).";32;
What is a good price for hosting?;"InterServer; Rocket Net; Siteground; Hostgator";"I want you to consider the title of the article: ""What is a good price for hosting?"" and write a comparison of these best hosting companies: InterServer; Rocket Net; Siteground; NameCheap.";33;
What are the top 3 cloud services?;;"I want you to consider the title of the article: ""TITLE?"" and write a comparison of these best hosting companies: InterServer; Siteground; HostArmada. 
Keep this information in mind when writing article: 1) InterServer.net - 65% OFF WEB HOSTING $2.50/Per Month!  2) SiteGround - From $3.99/mo. 3) HostArmada - from $ 2.99/mo.";34;
Is cloud cheaper than hosting?;;"Write about the benefits of buying HostArmada hosting. And also write a call to action at the end of the benefits; so that people 100% want to buy this hosting (Don't mention the phrase itself in the text - a call to action).";35;
Is AWS best hosting?;;"Write about the benefits of buying Rocket Net hosting. And also write a call to action at the end of the benefits; so that people 100% want to buy this hosting (Don't mention the phrase itself in the text - a call to action).";36;
Which type of hosting is fastest?;"InterServer; Bluehost; Siteground; Hostgator; HostArmada";"I want you to consider the title of the article: ""TITLE?"" and write a comparison of these best hosting companies: InterServer; NameCheap; Siteground; GreenGeeks; HostArmada. Keep this information in mind when writing article: 1) InterServer.net - 65% OFF WEB HOSTING $2.50/Per Month! 2) NameCheap - Starting at only $1.58/mo. 3) GreenGeeks - Starting at $2.95/mo. 4) SiteGround - From $3.99/mo. 5) HostArmada - from $ 2.99/mo. Please make a table of the advantages of these hosting companies (without html code). ";37;
Who is the biggest hosting provider?;;"Write about the benefits of buying SiteGround hosting. And also write a call to action at the end of the benefits; so that people 100% want to buy this hosting (Don't mention the phrase itself in the text - a call to action).";38;
Which server is used for hosting?;;;39;
Why is Bluehost so cheap?;;"Describe the benefits of buying GreenGeeks. Specify why GreenGeeks is better than Bluehost. And also write a call to action at the end of the benefits; so that people 100% want to buy this hosting (Don't mention the phrase itself in the text - a call to action).";40;
Why is Bluehost so expensive?;;"Describe the benefits of buying GreenGeeks. Specify why GreenGeeks is better than Bluehost. And also write a call to action at the end of the benefits; so that people 100% want to buy this hosting (Don't mention the phrase itself in the text - a call to action).";41;
Is Bluehost still the best?;;"Describe the benefits of buying HostArmada. Specify why HostArmada is better than Bluehost. And also write a call to action at the end of the benefits; so that people 100% want to buy this hosting (Don't mention the phrase itself in the text - a call to action).";42;
What are the 4 types of hosting?;;"I want you to consider the title of the article: ""TITLE?"" and write a comparison of these best hosting companies: InterServer; NameCheap; Siteground; HostArmada. Keep this information in mind when writing article: 1) InterServer.net - 65% OFF WEB HOSTING $2.50/Per Month! 3) NameCheap- Starting at $1.58/mo. 4) SiteGround - From $3.99/mo. 5) HostArmada - from $ 2.99/mo. Please make a table of the advantages of these hosting companies (without html code). ";43;
What are the 3 types of web hosting?;;"I want you to consider the title of the article: ""TITLE?"" and write a comparison of these best hosting companies: InterServer; Bluehost; Siteground. Keep this information in mind when writing article: 1) InterServer.net - 65% OFF WEB HOSTING $2.50/Per Month! 2) BlueHost - Starting at $2.95/mo. 3) SiteGround - From $3.99/mo.";44;
Which hosting is best for beginners?;;"Write about the benefits of buying Rocket Net hosting. And also write a call to action at the end of the benefits; so that people 100% want to buy this hosting (Don't mention the phrase itself in the text - a call to action).";45;
What is the biggest hack in the world?;;;46;
What is the largest data hack?;;;47;
How do hackers find your website?;;;48;
Can web hosting be hacked?;;;49;
Which hosting is most secure?;;"Write about the benefits of buying HostArmada hosting. And also write a call to action at the end of the benefits; so that people 100% want to buy this hosting (Don't mention the phrase itself in the text - a call to action).";50;
What is bad hosting?;;"Write about the benefits of buying Rocket Net hosting. And also write a call to action at the end of the benefits; so that people 100% want to buy this hosting (Don't mention the phrase itself in the text - a call to action). ";51;
Can I host my website myself?;;;52;
What is the disadvantage of cheap hosting?;;;53;
How do I get a 100% free domain?;;;54;
How do I host a website permanently?;;"Write about the benefits of buying Siteground hosting. And also write a call to action at the end of the benefits; so that people 100% want to buy this hosting (Don't mention the phrase itself in the text - a call to action).";55;
How do I choose a web host?;;"I want you to consider the title of the article: ""TITLE?"" and write a comparison of these best hosting companies: InterServer; NameCheap; Siteground. Keep this information in mind when writing article: 1) InterServer.net - 65% OFF WEB HOSTING $2.50/Per Month! 2) NameCheap- Starting at $1.58/mo. 3) SiteGround - From $3.99/mo.";56;
What happens if I dont host my website?;;"Write about the benefits of buying Siteground hosting. And also write a call to action at the end of the benefits; so that people 100% want to buy this hosting (Don't mention the phrase itself in the text - a call to action).";57;
Is Siteground hosting best?;;;58;
Why is Siteground better than Hostgator?;;;59;
What are the disadvantages of local hosting?;;;60;
Does hosting a server slow down Wi-Fi?;;;61;
Which free domain is best?;;;62;
Is Wix really free hosting?;;;63;
What is better than GoDaddy?;;"Describe the benefits of buying HostArmada. Specify why HostArmada is better than Godaddy. And also write a call to action at the end of the benefits; so that people 100% want to buy this hosting (Don't mention the phrase itself in the text - a call to action).";64;
Who to use instead of GoDaddy?;;"Describe the benefits of buying GreenGeeks. Specify why GreenGeeks is better than Godaddy. And also write a call to action at the end of the benefits; so that people 100% want to buy this hosting (Don't mention the phrase itself in the text - a call to action).";65;
Do GoDaddy domains actually sell?;;;66;
What is the most trustworthy domain?;;;67;
Why not to use Bluehost?;;"Describe the benefits of buying GreenGeeks. Specify why GreenGeeks is better than Bluehost. And also write a call to action at the end of the benefits; so that people 100% want to buy this hosting (Don't mention the phrase itself in the text - a call to action).";68;
Who is better than Bluehost?;Rocket Net;"Describe the benefits of buying Rocket Net. Specify why Rocket net is better than Bluehost. And also write a call to action at the end of the benefits; so that people 100% want to buy this hosting (Don't mention the phrase itself in the text - a call to action).";69;
How do I buy a domain name forever?;;"Write about the benefits of buying domain name on NameCheap. And also write a call to action at the end of the benefits; so that people 100% want to buy on this compnay (Don't mention the phrase itself in the text - a call to action).";70;
Do I own a domain forever?;;;71;
Do people steal domains?;;;72;
Is .com or .org better?;;;73;
Is GoDaddy domain cheap?;;"Describe the benefits of buying NameCheap. Specify why NameCheap is better than Godaddy. And also write a call to action at the end of the benefits; so that people 100% want to buy this hosting (Don't mention the phrase itself in the text - a call to action).";74;
Is anything better than WordPress?;Wix;"Describe the benefits of buying Wix. Specify why Wix is better than Wordpress. And also write a call to action at the end of the benefits; so that people 100% want to buy this hosting (Don't mention the phrase itself in the text - a call to action).";75;
Why is GoDaddy so expensive?;;"Describe the benefits of buying HostArmada. Specify why HostArmada is better than Godaddy. And also write a call to action at the end of the benefits; so that people 100% want to buy this hosting (Don't mention the phrase itself in the text - a call to action).";76;
Which is better WordPress or Hostgator?;;"Describe the benefits of buying NameCheap. Specify why NameCheap is better than WordPress and Hostgator. And also write a call to action at the end of the benefits; so that people 100% want to buy this hosting (Don't mention the phrase itself in the text - a call to action).";77;
What is the number 1 website builder?;Wix;"Write about the benefits of buying Wix. And also write a call to action at the end of the benefits; so that people 100% want to buy this hosting (Don't mention the phrase itself in the text - a call to action).";78;
Who is GoDaddy's biggest competitor?;;"Write about the benefits of buying GreenGeeks hosting. And also write a call to action at the end of the benefits; so that people 100% want to buy this hosting (Don't mention the phrase itself in the text - a call to action).";79;
Why not to use GoDaddy?;;"Describe the benefits of buying GreenGeeks. Specify why GreenGeeks is better than Godaddy. And also write a call to action at the end of the benefits; so that people 100% want to buy this hosting (Don't mention the phrase itself in the text - a call to action).";80;
Is GoDaddy a Chinese company?;;;81;
Which company domain is best?;;"Write about the benefits of buying domain name on NameCheap. And also write a call to action at the end of the benefits; so that people 100% want to buy on this compnay (Don't mention the phrase itself in the text - a call to action).";82;
Is HostGator better than GoDaddy?;;"Describe the benefits of buying NameCheap. Specify why NameCheap is better than Hostgator and GoDaddy. And also write a call to action at the end of the benefits; so that people 100% want to buy this hosting (Don't mention the phrase itself in the text - a call to action).";83;
Is Bluehost faster than HostGator?;;"Describe the benefits of buying NameCheap. Specify why NameCheap is better than BlueHost and Godaddy. And also write a call to action at the end of the benefits; so that people 100% want to buy this hosting (Don't mention the phrase itself in the text - a call to action).";84;
Why Bluehost is better than GoDaddy?;;"Describe the benefits of buying NameCheap. Specify why NameCheap is better than BlueHost and Godaddy. And also write a call to action at the end of the benefits; so that people 100% want to buy this hosting (Don't mention the phrase itself in the text - a call to action).";85;
Is Google a domain host?;;;86;
Which company is best for domain and hosting?;;"Write about the benefits of buying domain name on NameCheap. And also write a call to action at the end of the benefits; so that people 100% want to buy on this compnay (Don't mention the phrase itself in the text - a call to action).";87;
Which website is best for domain and hosting?;;"Write about the benefits of buying domain name on NameCheap. And also write a call to action at the end of the benefits; so that people 100% want to buy on this compnay (Don't mention the phrase itself in the text - a call to action).";88;
How many domains can a person own?;;;89;
How many websites can you host on 1 server?;;;90;
Which hosting is best for multiple domains?;;"Write about the benefits of buying domain name on NameCheap. And also write a call to action at the end of the benefits; so that people 100% want to buy on this compnay (Don't mention the phrase itself in the text - a call to action).";91;
Which is better Apache or Nginx?;;;92;
How many websites can a server have?;;;93;
How many websites can a domain have?;;"Write about the benefits of buying domain name on NameCheap. And also write a call to action at the end of the benefits; so that people 100% want to buy on this compnay (Don't mention the phrase itself in the text - a call to action).";94;
Can you have 2 domains on the same network?;;;95;
Can I host 2 websites on same server?;;;96;
Can I use two domain on one hosting?;;;97;
Can I run a website without hosting?;;;98;
Which hosting is cheaper?;;"Write about the benefits of buying hosting on NameCheap. And also write a call to action at the end of the benefits; so that people 100% want to buy on this compnay (Don't mention the phrase itself in the text - a call to action).";99;
What are the 3 types of web hosting?;;"Write about the benefits of buying hosting on GreenGeeks. And also write a call to action at the end of the benefits; so that people 100% want to buy on this compnay (Don't mention the phrase itself in the text - a call to action).";100;
How do I get a 100% free domain?;;;101;
What is the most popular web host?;"BlueHost; Hostgator; InterServer";"I want you to consider the title of the article: ""TITLE"" and write a comparison of these best hosting companies: InterServer; GreenGeeks; HostArmada; SiteGround. Keep this information in mind when writing article: 1) InterServer.net - 65% OFF WEB HOSTING $2.50/Per Month! 2) SiteGround - From $3.99/mo. 3) HostArmada - from $ 2.99/mo. 4) GreenGeeks - starting at $2.95/mo.";102;
Is Google web hosting free?;;;103;
Does hosting make money?;;;104;
Should I pay for web hosting?;;"I want you to consider the title of the article: ""TITLE"" and write a comparison of these best hosting companies: InterServer; GreenGeeks; HostArmada; SiteGround. Keep this information in mind when writing article: 1) InterServer.net - 65% OFF WEB HOSTING $2.50/Per Month! 2) SiteGround - From $3.99/mo. 3) HostArmada - from $ 2.99/mo. 4) GreenGeeks - starting at $2.95/mo.";105;
Is Azure better than Google Cloud?;;;106;
Which cloud has highest demand?;;"I want you to consider the title of the article: ""TITLE"" and write a comparison of these best hosting companie - HostArmada. Please make a table of the advantages of these hosting companies (without html code).";107;
Why Azure is better than AWS?;;;108;
Which is better VPS or cloud hosting?;InterServer;"I want you to consider the title of the article: ""TITLE"" and write a comparison of these best hosting companies: InterServer; GreenGeeks; HostArmada. Keep this information in mind when writing article: 1) InterServer.net - 65% OFF WEB HOSTING $2.50/Per Month! 2) HostArmada - from $ 2.99/mo. 3) GreenGeeks - starting at $2.95/mo.";109;
Which is best VPS or cloud hosting?;InterServer;"I want you to consider the title of the article: ""TITLE"" and write a comparison of these best hosting companies: InterServer; GreenGeeks; HostArmada. Keep this information in mind when writing article: 1) InterServer.net - 65% OFF WEB HOSTING $2.50/Per Month! 2) HostArmada - from $ 2.99/mo. 3) GreenGeeks - starting at $2.95/mo";110;
Is AWS cheapest for web hosting?;;;111;
Who is better than AWS?;;"I want you to consider the title of the article: ""TITLE"" and write a comparison of these best hosting companie - InterServer. Please make a table of the advantages of these hosting companies (without html code).";112;
What are the 4 types of hosting?;;"I want you to consider the title of the article: ""TITLE"" and write a comparison of these best hosting companie - HostArmada. Please make a table of the advantages of these hosting companies (without html code).";113;
Which hosting is best for unlimited traffic?;;"Write about the benefits of buying hosting on InterServer hosting. And also write a call to action at the end of the benefits; so that people 100% want to buy on this compnay (Don't mention the phrase itself in the text - a call to action).";114;
What is the fastest web hosting?;Rocket Net;"Write about the benefits of buying hosting on Rocket Net. And also write a call to action at the end of the benefits; so that people 100% want to buy on this compnay (Don't mention the phrase itself in the text - a call to action).";115;
How do I choose a web hosting server?;InterServer;"Write about the benefits of buying hosting on InterServer. And also write a call to action at the end of the benefits; so that people 100% want to buy on this compnay (Don't mention the phrase itself in the text - a call to action).";116;
How do I host my website?;;"Write about the benefits of buying hosting on NameCheap. And also write a call to action at the end of the benefits; so that people 100% want to buy on this compnay (Don't mention the phrase itself in the text - a call to action).";117;
WHOIS better than Bluehost?;;"Describe the benefits of buying InterServer. Specify why InterServer is better than BlueHost. And also write a call to action at the end of the benefits; so that people 100% want to buy this hosting (Don't mention the phrase itself in the text - a call to action).";118;
Which is better Rocket Net or Bluehost?;;"Describe the benefits of buying Rocket Net Hosting. Specify why Rocket Net Hosting is better than BlueHost. And also write a call to action at the end of the benefits; so that people 100% want to buy this hosting (Don't mention the phrase itself in the text - a call to action).";119;
What is better then Bluehost?;;"Describe the benefits of buying Rocket Net Hosting. Specify why Rocket Net Hosting is better than BlueHost. And also write a call to action at the end of the benefits; so that people 100% want to buy this hosting (Don't mention the phrase itself in the text - a call to action).";120;
Why is Wix better than Bluehost?;;;;
Is it better to use Bluehost or WordPress?;;;;
Is Bluehost still the best?;;;;
Why is Bluehost so cheap?;;;;
Why is Bluehost so expensive?;;;;
Is Google domains better than Bluehost?;;;;
Which type of hosting is best for beginners?;;;;
What type of hosting do you need?;;;;
What is private hosting?;;;;
Which is the best domain hosting service?;;;;
What is a fully hosted website?;;;;
What is web hosting vs domain?;;;;
Who is World No 1 hacker?;;;;
Which country has best hackers?;;;;
Who is world's toughest hacker?;;;;
What is the most hacked platform?;;;;
What is the most hacked website in the world?;;;;
What is the king of hacker?;;;;
How do hackers get your IP address?;;;;
Can hackers see your searches?;;;;
Can a website spy on you?;;;;
Which is the safest web hosting?;;;;
What is the risk of web hosting?;;;;
What are the risks of online hosting?;;;;
Can web hosting be hacked?;;;;
Does hosting affect speed?;;;;
How much money do I need to host a website?;Rocket Net;;;
How much do I pay to host a website?;Rocket Net;;;
How to host a domain for free?;;;;
Should I pay for hosting?;;;;
Which hosting is cheaper?;;;;
What happens if I dont host my website?;;;;
How much should I spend on hosting?;;;;
Is free hosting better than paid hosting?;;;;
Does hosting make money?;;;;
Is domains Google free?;;;;
Do free domains exist?;;;;
Who sells the cheapest domains?;;;;
Is GoDaddy better than WordPress?;;;;
Is GoDaddy a monthly fee?;;;;
Which is best hosting or GoDaddy?;;;;
Is GoDaddy a free hosting?;;;;
Can Google host my domain?;;;;
Is Wix actually free?;;;;
Can I trust GoDaddy?;;;;
Do I own my website?;;;;
Is it good to use GoDaddy?;;;;
Does website hosting expire?;;;;
Is it safe to self host a website?;;;;
Can GoDaddy host my website?;;;;
What are the 3 types of web hosting?;;;;
What are the three 3 main types of web hosting?;;;;
Why free web hosting is bad?;;;;
Why free hosting is a bad idea?;;;;
Why Bluehost is better than GoDaddy?;;;;
Is Google domains better than GoDaddy?;;;;
Is HostGator better than GoDaddy?;;;;
Is GoDaddy faster than Bluehost?;;;;
Which is better cloud or local server?;;;;
Is a server safer than the cloud?;;;;
Can I run my own web server?;;;;
Which is fastest hosting server?;;;;
Which server has the fastest internet?;;;;
Do I need a router to host a server?;;;;
Which domain is best for beginners?;;;;
Can you buy a domain forever?;;;;
What is the safest domain?;;;;
Which is better Wix or WordPress?;;;;
Why not to use Wix?;;;;
Does Wix own my website?;;;;
Who is GoDaddy's biggest competitor?;;;;
Which domain website is best?;;;;
Who is GoDaddy's competition?;;;;
Why avoid GoDaddy?;;;;
Is GoDaddy domain cheap?;;;;
Is Wix like GoDaddy?;;;;
How much is a good domain name worth?;;;;
Should I use GoDaddy as a domain broker?;;;;
Why are GoDaddy domains so expensive?;;;;
What are the top 3 domains?;;;;
What are the top 5 domains?;;;;
WHOIS better than Bluehost?;;;;
Why is Hostinger better than Bluehost?;;;;
Is Bluehost real or fake?;;;;
Do GoDaddy domains actually sell?;;;;
Is .com still the best domain?;;;;
Can someone steal my domain name?;;;;
How do I get a 100% free domain?;;;;
Are domains easy to sell?;;;;
What domains are free?;;;;
What domains are unsafe?;;;;
What domains to avoid?;;;;
Is .co a good domain?;;;;
Can you trust .org websites?;;;;
What is better than GoDaddy?;;;;
How much is a 1 year domain from GoDaddy?;;;;
Why avoid WordPress?;;;;
Do professionals use WordPress?;;;;
Which is best GoDaddy or WordPress?;;;;
Is GoDaddy 100% free?;;;;
Is Wix more expensive than GoDaddy?;;;;
Why is GoDaddy so popular?;;;;
Is anything better than WordPress?;;;;
Is GoDaddy better than Google?;;;;
Which website rank 1 in world?;;;;
What is the 2 most popular website?;;;;
What is the most profitable website?;;;;
Is GoDaddy a Chinese company?;;;;
Who sells the most domains?;;;;
Who owns GoDaddy now?;;;;
Can GoDaddy take down a website?;;;;
How long is GoDaddy free?;;;;
Does Microsoft own GoDaddy?;;;;
Do people still use GoDaddy?;;;;
Why does Microsoft use GoDaddy?;;;;
Who is the No 1 domain seller?;;;;
Which is best to buy domain and hosting?;;;;
What domains are safest?;;;;
Is Bluehost faster than GoDaddy?;;;;
Is Bluehost faster than HostGator?;;;;
Why not to use Bluehost?;;;;
Why is WordPress so slow on Bluehost?;;;;
What big companies use Bluehost?;;;;
Should I host on Bluehost or WordPress?;;;;
Is Bluehost cheaper than WordPress?;;;;
What is better then Bluehost?;;;;
Is Google hosting free?;;;;
Is Google domain free?;;;;
Can I host my own website for free?;;;;
What is the most popular web host?;;;;
Is GoDaddy a good website host?;;;;
How do I choose a web host?;;;;
Which free domain is best?;;;;
Can I permanently own my domain name?;;;;
Can you fully own a domain name forever?;;;;
Can I have 2 domains on one host?;;;;
Which is better Apache or Nginx?;;;;
Can I have 2 servers on the same domain?;;;;
What is the most secure domain host?;;;;
Can you have 3 domains for one website?;;;;
How to get cheapest domain and hosting?;;;;
Do people still use NGINX?;;;;
Does Facebook use NGINX?;;;;
Why is NGINX so popular?;;;;
How many people can 1 server handle?;;;;
Does every website need a server?;;;;
How big of a server do I need for my website?;;;;
What is the largest valid domain?;;;;
Can 2 websites have the same IP address?;;;;
Is domain enough to host a website?;;;;
Is it worth having multiple domains?;;;;
Is it good to have multiple domain names?;;;;
Can a PC be a member of two domains?;;;;
How many websites can run on single hosting?;;;;
How many websites can you host on one IP?;;;;
How many websites can I run on a single server?;;;;
Which is better Hostinger or Bluehost?;;;;
Should I buy domain and hosting separately?;;;;
Should you buy domain and hosting together?;;;;
Why not to use GoDaddy?;;;;
Is Bluehost more expensive than GoDaddy?;;;;
Is free hosting good?;;;;
Can I sell domain without hosting?;;;;
What happens if a website is not hosted?;;;;
What are the 4 types of hosting?;;;;
Which hosting is best for beginners?;;;;
What is free website hosting?;;;;
Is GoDaddy best hosting?;;;;
What is the fastest web hosting?;;;;
Is Google Sites 100% free?;;;;
How can I host my own website?;;;;
Who gets paid more host or server?;;;;
Can I resell hosting?;;;;
Is Godaddy hosting expensive?;;;;
Why is Azure so popular?;;;;
Which cloud platform is best?;;;;
Which cloud is growing so fast?;;;;
Which cloud has a future?;;;;
Who is cheaper Azure or AWS?;;;;
Do most companies use Azure or AWS?;;;;
Is AWS best hosting?;;;;
Is cloud cheaper than hosting?;;;;
Is cloud cheaper than VPS?;;;;
What are the disadvantages of VPS hosting?;;;;
Can I host on AWS for free?;;;;
Is AWS free or not?;;;;
Does Facebook use AWS?;;;;
Who is the biggest competitor of AWS?;;;;
Why people prefer Azure over AWS?;;;;
Why companies prefer AWS over Azure?;;;;
Is Netflix hosted by AWS?;;;;
Is Apple hosted on AWS?;;;;
What is the most common type of hosting?;;;;
What is the difference between Bluehost and WordPress?;;;;
Which country hosting is best?;;;;
Which hosting is most secure?;;;;
Is Google domain or GoDaddy better?;;;;
Why is Hostinger better than GoDaddy?;;;;
Which one is better HostGator or GoDaddy?;;;;
Which is the fastest free hosting?;;;;
Is Bluehost faster than Hostinger?;;;;
Is GoDaddy free to use?;;;;
Can Google host my website?;;;;
Do I need hosting or a server?;;;;
Which web hosting is best for beginners?;;;;
Is it easy to host a website?;;;;
Why not use Hostinger?;;;;
Can I trust Hostinger?;;;;
Who is better than Bluehost?;;;;
Can I trust Bluehost?;;;;
Do I own my domain name with Bluehost?;;;;
Why Bluehost is better than HostGator?;;;;
Should I buy domain from Bluehost?;;;;
Is Bluehost good for beginners?;;;;
How much is Bluehost per year?;;;;
Is cPanel free with Bluehost?;;;;
Is it OK to buy domain from Google?;;;;
Which company domain is best?;;;;
What are the most trusted domains?;;;;
Is GoDaddy hosting best?;;;;
Which type of hosting is fastest?;;;;
Can I have free hosting?;;;;
Can I do my own hosting?;;;;
Is hosting same as VPN?;;;;
Can I use hosting without domain?;;;;
Is GoDaddy a hosting site?;;;;
How do I host a website permanently?;;;;
Is self hosting better?;;;;
Who hosts my domain name?;;;;
How many types of hosting are there?;;;;
Is WordPress a host?;;;;
Who hacked NASA with HTML?;;;;
Has Google ever been hacked?;;;;
Who is the king of hackers?;;;;
Which country has the most illegal hackers?;;;;
Which country has most cyber crime?;;;;
What do most hackers use to hack?;;;;
Which country has most hackers?;;;;
Which country is best for hackers?;;;;
What do hackers learn first?;;;;
Which PC hackers use?;;;;
What apps stop hackers?;;;;
What platform do hackers use?;;;;
What is the most harmful website?;;;;
What is the biggest internet hack in history?;;;;
Who is the biggest hacker of dark web?;;;;
Who is the scariest hackers?;;;;
Who is owner of hacker?;;;;
What is the most skilled hacker?;;;;
How do hackers steal money without trace?;;;;
Can a hacker access my computer without internet?;;;;
Can I change my IP address?;;;;
Does a VPN stop hackers?;;;;
Can police see your private browser?;;;;
Can hackers see your screen?;;;;
Can hackers see you through your phone camera?;;;;
Which web hosting is cheapest?;;;;
What is bad hosting?;;;;
What happens if I don't host my website?;;;;
What is the disadvantage of free hosting?;;;;
Is Google web hosting free?;;;;
What are the disadvantages of local hosting?;;;;
Is hosting necessary?;;;;
Is it cheaper to host your own website?;;;;
Does owning a website make money?;;;;
How much is Amazon hosting?;;;;
How much does GoDaddy charge to host a website?;;;;
How much is Google hosting?;;;;
Is domain still free?;;;;
Can I run a website without hosting?;;;;
Should I buy hosting with GoDaddy?;;;;
Does hosting expire?;;;;
Can you make money from hosting?;;;;
How much does it cost to host a small business website?;;;;
How much money is needed to host a website?;;;;
Is it safe to use free hosting?;;;;
What is the future of hosting?;;;;
How do I buy a domain name forever?;;;;
Who owns a web domain?;;;;
Do all domains cost money?;;;;
Do people steal domains?;;;;
Do domains expire?;;;;
Is .com or .org better?;;;;
Which domain is more expensive?;;;;
Does anyone use GoDaddy?;;;;
Why is GoDaddy so expensive?;;;;
What is the number 1 website builder?;;;;
Is Microsoft 365 free with GoDaddy?;;;;
Who is better Bluehost or GoDaddy?;;;;
How much does GoDaddy actually cost?;;;;
Does GoDaddy charge a monthly fee?;;;;
Which is better WordPress vs Wix?;;;;
Why Wix is so good?;;;;
Do domains actually sell on GoDaddy?;;;;
Is GoDaddy always free?;;;;
Do I need a copyright for my website?;;;;
Can we own a website for free?;;;;
Can I run my own website for free?;;;;
Will GoDaddy host my website?;;;;
What are the risks of web hosting?;;;;
What percentage of websites use GoDaddy?;;;;
Where is the best place to host a website?;;;;
What is the most used Web host?;;;;
What are the 4 level of web hosting?;;;;
What is the difference between domain and hosting?;;;;
Should I pay for web hosting?;;;;
Does hosting affect SEO?;;;;
Which domain is more popular?;;;;
Why Google domain is the best?;;;;
What is better than Bluehost?;;;;
Why is Bluehost the best?;;;;
Which server has the best quality?;;;;
Who is the biggest cloud server provider?;;;;
Which is the fastest cloud server?;;;;
Can a cloud server be hacked?;;;;
Is IT better to have your own server?;;;;
Why use cloud instead of server?;;;;
Can any PC be a web server?;;;;
Can I make money with a web server?;;;;
Is it safe to host a website from home?;;;;
Is A host better than a server?;;;;
Which hosting is best for multiple websites?;;;;
Which country has 7g network?;;;;
What is NASA's internet speed?;;;;
Which country is no 1 in internet speed?;;;;
How do I create my own hosting server?;;;;
Do servers require IP addresses?;;;;
How do I set up my own server?;;;;
What are the top 5 level domains?;;;;
How to buy a domain very cheap?;;;;
Who owns all the domains?;;;;
Can hackers steal a domain?;;;;
Is WordPress better than GoDaddy?;;;;
Why people don't like Wix?;;;;
Do professional web designers use Wix?;;;;
What are the disadvantages of Wix?;;;;
Does Google recognize Wix websites?;;;;
Is Wix safe from hackers?;;;;
How was GoDaddy hacked?;;;;
Can GoDaddy sell my domain?;;;;
Who is Wix competitor?;;;;
Why is Wix so cheap?;;;;
Why Wix is better?;;;;
What is the most expensive domain?;;;;
Can you buy a domain name forever?;;;;
Do domain names make money?;;;;
Should I buy domain or hosting?;;;;
Is it better to buy a domain on GoDaddy or Wix?;;;;
Where should I buy domain?;;;;
How much does GoDaddy really cost?;;;;
Which domain is trending now?;;;;
Which domain is trending?;;;;
Which domain is most advanced?;;;;
What are all 7 IT domains?;;;;
Is a .co domain good?;;;;
Which domain is best for SEO?;;;;
Should I use Bluehost or Hostinger?;;;;
Is Bluehost owned by GoDaddy?;;;;
Who sells domains besides GoDaddy?;;;;
Is .NET or .org better?;;;;
What is the most famous domain?;;;;
Who legally owns a website?;;;;
Who owns a domain name legally?;;;;
Is it illegal to hold a domain name?;;;;
Should I buy a domain first?;;;;
How can I sell my domain fast?;;;;
How much money can you make selling domains?;;;;
Can I buy a domain for free?;;;;
Do hackers use domains?;;;;
Do hackers steal domains?;;;;
What is the safest domain name?;;;;
Which domain is unsafe?;;;;
Which domain is best .com or .in or co in?;;;;
Why are .co domains popular?;;;;
Who uses .CO domain?;;;;
Do people trust .com or .org more?;;;;
What are 5 reliable sources?;;;;
Are org websites illegal?;;;;
Which is the cheapest domain?;;;;
Is WordPress risky?;;;;
Why do developers not like WordPress?;;;;
What is the disadvantage of WordPress?;;;;
What top companies use WordPress?;;;;
What countries use WordPress?;;;;
Which is better WordPress or GoDaddy?;;;;
Is it cheaper to use WordPress or Wix?;;;;
Who is Wix best for?;;;;
Is GoDaddy free to host?;;;;
Is WordPress Losing Popularity?;;;;
Why WordPress is still the best?;;;;
Is WordPress still in demand?;;;;
What is the most used website?;;;;
What are the 3 most visited websites in the world?;;;;
Which is the most powerful website in the world?;;;;
What are the 5 most used websites?;;;;
What website is more popular than Google?;;;;
What kind of websites get the most traffic?;;;;
Can you become a millionaire from a website?;;;;
Do website owners make money?;;;;
Do websites make a lot of money?;;;;
Who currently owns GoDaddy?;;;;
Who is GoDaddy owned by?;;;;
Which is the highest paying domain?;;;;
Why is GoDaddy called GoDaddy?;;;;
Does GoDaddy keep your domain?;;;;
Is GoDaddy good for beginners?;;;;
What happens if I stop paying GoDaddy?;;;;
How does GoDaddy pay you?;;;;
Is GoDaddy using WordPress?;;;;
Is GoDaddy using AWS?;;;;
Is GoDaddy Good?;;;;
Why I don't use GoDaddy?;;;;
Why WordPress is better than GoDaddy?;;;;
Why is GoDaddy famous?;;;;
Which web server does GoDaddy use?;;;;
What are the top 10 domains?;;;;
Who has the cheapest domain prices?;;;;
Is domain selling easy?;;;;
How do I choose a good web hosting?;;;;
How much should I pay for domain hosting?;;;;
What are bad domain names?;;;;
Which hosting is best for WordPress?;;;;
Why is it so hard to use WordPress?;;;;
Why is WordPress so inefficient?;;;;
Is Wix used professionally?;;;;
Is it better to buy a domain through Wix or GoDaddy?;;;;
Why is WordPress hosting more expensive?;;;;
Do I need hosting if I use WordPress?;;;;
Do I have to pay for WordPress if I use Bluehost?;;;;
How much does Bluehost charge per month?;;;;
Is Wix more expensive than WordPress?;;;;
Does Bluehost charge monthly?;;;;
Should I buy my domain from GoDaddy or Google?;;;;
Should I buy a domain from GoDaddy or Bluehost?;;;;
Who is Bluehost competitors?;;;;
Can Bluehost handle high traffic?;;;;
How do I buy a domain permanently?;;;;
Can I create my own domain?;;;;
What is the number 1 webhosting?;;;;
How much should I pay to host a website?;;;;
Is it a good idea to host your own website?;;;;
Which domain is most useful?;;;;
What domain sells the most money?;;;;
Can domain names make money?;;;;
Can I sell a domain I just bought?;;;;
Can someone sell my domain name?;;;;
How many domains can a person own?;;;;
What is the longest valid domain name?;;;;
Which is best hosting for WordPress?;;;;
How many websites can you host on 1 server?;;;;
Can a PC join multiple domains?;;;;
How many name servers should a domain have?;;;;
Can I use one domain for multiple websites?;;;;
Why is .com the most trusted domain?;;;;
Does domain name help SEO?;;;;
Do multiple domains help SEO?;;;;
Does domain extension affect SEO?;;;;
What is best cheap hosting?;;;;
Do hackers use NGINX?;;;;
Does Netflix still use NGINX?;;;;
Is Google using NGINX?;;;;
Which big companies use NGINX?;;;;
Which server does Google use?;;;;
Is NGINX a VPN?;;;;
Should I use node or NGINX?;;;;
Should I use Apache or NGINX?;;;;
Do I need Apache or NGINX?;;;;
How many servers needed for 100 users?;;;;
How many servers are needed for 100 guests?;;;;
What server size do I need for 10000 users?;;;;
Can you buy a website without hosting server?;;;;
How much does it cost to get a server for a website?;;;;
How do I host my own domain server?;;;;
How much RAM do I need for web server?;;;;
Is 100 GB enough for a website?;;;;
How much traffic is 100GB?;;;;
What is DNS vs IP?;;;;
Is it illegal to use a different IP address?;;;;
What is DHCP vs static IP?;;;;
Will GoDaddy host my domain?;;;;
Why are website domains so expensive?;;;;
Which domains are the best?;;;;
Why short domains are better?;;;;
How do I permanently buy a domain name?;;;;
Is it OK to have '-' in the domain name?;;;;
Do you keep a domain name forever?;;;;
Can 2 domains have the same IP?;;;;
Can 2 domains have the same name?;;;;
How can I host multiple websites for free?;;;;
Can a server have 2 hostnames?;;;;
How big of a server do I need to host a website?;;;;
Is there a server for every website?;;;;
Which company is best for domain and hosting?;;;;
What is the downside of hosting?;;;;
How much should it cost to host a domain?;;;;
What is better than InterServer?;;;;
Who to use instead of GoDaddy?;;;;
Why is GoDaddy bad for hosting?;;;;
What is the most trustworthy domain?;;;;
What is the most trustable domain?;;;;