Welche Rolle spielen die Eltern bei der Erziehung?;
Was versteht man unter Elternschaft?;
Welche Elternschaften gibt es?;
Was ist gute Elternschaft?;
Was ist Eltern in der Erziehung wichtig?;
Warum ist die Zusammenarbeit mit Eltern so wichtig?;
Wer für die Erziehung der Kinder zuständig ist?;
Was Kinder von ihren Eltern erwarten?;
Welche Pflichten haben Kinder bei ihren Eltern?;
Was versteht man unter Elterneigenschaft?;
Wie ist es Eltern zu sein?;
Was ist biologische Elternschaft?;
Was ist wichtig für die Beziehung zwischen Eltern und Kindern?;
Was macht eine gute Beziehung zwischen Kind und Eltern aus?;
Was macht Mutterliebe aus?;
Was ist gute Erziehung 5 Säulen?;
Welche 4 erziehungsstile gibt es?;
Welche Werte sind Eltern wichtig?;
Was fördert die Zusammenarbeit mit Eltern?;
Was macht eine gute Elternarbeit aus?;
Wie gelingt eine gute erziehungspartnerschaft?;
Welche Pflichten hat eine Mutter?;
Was zählt zur Erziehung?;
Was ist die beste Erziehung?;
Was Kinder Eltern nicht verzeihen?;
Warum ist der Eltern Kind Kontakt so wichtig?;
Was macht eine schlechte Mutter aus?;
Ist man als Kind für seine Eltern verantwortlich?;
Sind Kinder verpflichtet für die Eltern zu Sorgen?;
Welche Pflichten haben erwachsene Kinder gegenüber Eltern?;
Was gilt als Nachweis der Elternschaft?;
Wann liegt Elterneigenschaft vor?;
Was ist der Nachweis der Elternschaft?;
Warum sind Kinder frech zu Eltern?;
Warum ist eine Mutter Kind Beziehung wichtig?;
Warum ist die Mutter so wichtig?;
Was passiert wenn man keine Mutterliebe bekommt?;
Ist Mutterliebe angeboren?;
Was ist verantwortete Elternschaft?;
Wie beeinflussen Eltern ihre Kinder?;
Was ist wichtig für ein gutes Familienleben?;
Warum distanzieren sich erwachsene Kinder von Eltern?;
Wie kann ich die Bindung zu meinem Kind stärken?;
Wann trennen sich die meisten Paare mit Kindern?;
Was ist eine Bindungsstörung bei Kindern?;
Was sollte man nie zu seinem Kind sagen?;
Was stört die Mutter Kind Bindung?;
Wie äußert sich emotionale Vernachlässigung?;
Was ist in der Erziehung besonders wichtig?;
Welche Erziehungsstile gibt es Pädagogik?;
Was macht eine Erziehung aus?;
Welche Faktoren beeinflussen die Erziehung?;
Was für pädagogische Methoden gibt es?;
Welche Formen der Erziehung gibt es?;
Was ist ein gesundes Verhältnis zu den Eltern?;
Welche Kompetenzen benötigen Eltern?;
Warum Elternarbeit so wichtig ist?;
Was sind Kinder Eltern schuldig?;
Welche Formen der Zusammenarbeit mit Eltern gibt es?;
Was erwarten die Erzieher von den Eltern?;
Warum ist erziehungspartnerschaft so wichtig?;
Was ist die Verantwortung von Eltern?;
Was braucht ein Kind von der Mutter?;
Was Eltern dürfen und was nicht?;
Wie heißen die 4 Erziehungsstile?;
Was sind die Ziele der Erziehung?;
Was bedeutet Erziehung kurz erklärt?;
Was sind die 5 Säulen guter Erziehung?;
Was braucht ein Kind für eine gute Erziehung?;
Was sollte man in der Erziehung nicht tun?;
Was sind schwerwiegende erziehungsfehler?;
Sind intelligente Kinder anstrengender?;
Wie zeigt sich eine gute Bindung zum Kind?;
Was stärkt die Bindung zwischen Mutter und Kind?;
Welche 4 bindungstypen gibt es?;
Was passiert mit Kindern wenn man sie anschreit?;
Was ist eine toxische Mutter?;
Warum bin ich so schnell genervt von meinem Kind?;
Welche Pflichten haben erwachsene Kinder gegenüber ihren Eltern?;
Warum wollen Kinder keinen Kontakt zu Eltern?;
Sind Kinder verpflichtet für die Eltern zu sorgen?;
Bin ich als Tochter verpflichtet meine Mutter zu pflegen?;
Welche Pflichten hat ein Kind zu Hause?;
Wann endet die Verantwortung der Eltern?;
Wie lange haben Kinder Wohnrecht bei den Eltern?;
Was muss ein volljähriges Kind zu Hause abgeben?;
Was ist mit Elternschaft gemeint?;
Wann liegt eine Elterneigenschaft vor?;
Was bedeutet Elterneigenschaft ja oder nein?;
Wer muss Elterneigenschaft nachweisen?;
Wie lange gilt die Elterneigenschaft?;
Was bedeutet verantwortete Elternschaft?;
Wie zeigt sich eine schlechte Bindung?;
Was macht man mit Kindern die nicht hören wollen?;
Warum hört Kind nicht und provoziert?;
Was macht eine gute Mutter aus?;
Was macht ein gutes Eltern Kind Verhältnis aus?;
Was bewirkt fehlende Mutterliebe?;
Wie viel Mutter braucht ein Kind?;
Wie wichtig ist die Mutter Kind Bindung?;
Wie Verhalten sich emotional vernachlässigte Kinder?;
In welchem Alter entsteht Urvertrauen?;
Wie macht sich das innere Kind bemerkbar?;
Was passiert wenn man als Kind nicht geliebt wurde?;
Haben Kinder eine engere Bindung zur Mutter?;
Kann eine Mutter Kind Bindung zu eng sein?;
Wie funktioniert CO Elternschaft?;
Ist Stiefmutter ein Elternteil?;
Was ist mehrfach Elternschaft?;
Was Kinder nicht verzeihen?;
Welche Rolle spielen Eltern für Kinder?;
Was Familien glücklich macht?;
Was ist wichtig für die Erziehung?;
Wie führt man eine glückliche Familie?;
Warum ist mein Kind so frech und respektlos?;
Warum Kinder den Kontakt zur Mutter abbrechen?;
In welchem Alter entsteht Bindung?;
Wann ist die schwierigste Zeit in einer Beziehung?;
Warum gute Eltern anstrengende Kinder haben?;
Wer beendet öfter die Beziehung?;
Welche Jahre sind die wichtigsten beim Kind?;
Wann ist es zu spät für Erziehung?;
Welche Sätze sollten Eltern nie sagen?;
Was macht schreien mit Kindern?;
Wie äußert sich eine gestörte Mutter Kind Bindung?;
Wie erkenne ich ob mein Kind mich liebt?;
Wo fängt psychische Gewalt bei Kindern an?;
Was löst schimpfen bei Kindern aus?;
Was löst ignorieren bei Kindern aus?;
Welche 5 Erziehungsstile gibt es?;
Warum Erziehung so wichtig ist?;
Was sind die 3 Erziehungsstile?;
Welche Folgen haben fehlende Erziehung?;
Was sind pädagogische Maßnahmen Beispiele?;
Wie formuliert man pädagogische Ziele?;
Was macht gute Eltern aus?;
Was sind Bedürfnisse von Eltern?;
Wie können Eltern die Kita unterstützen?;
Was Kinder den Eltern nie verzeihen?;
Was sind die Ziele der Elternarbeit?;
Was ist mir bei Elternarbeit wichtig?;
Was ist Eltern bei der Kinderbetreuung wichtig?;
Was ist der Unterschied zwischen Erzieher und Eltern?;
Wie funktioniert gute Elternarbeit?;
Was fördert eine erziehungspartnerschaft?;
Was erwarte ich als Erzieher von den Eltern?;
Was ist erziehungspartnerschaft und Elternarbeit?;
Sind Eltern für das Verhalten ihrer Kinder verantwortlich?;
Welche Rechte und Pflichten haben Eltern gegenüber ihren Kindern?;
Welches Alter prägt ein Kind am meisten?;
Wie äußern sich Bindungsstörungen bei Kindern?;
Was ist das Wichtigste für eine Mutter?;
Was ist die Aufgabe einer Mutter?;
Ist Kinder anschreien strafbar?;
Wie sehr beeinflussen Eltern ihre Kinder?;
Was sind die Grenzen der Erziehung?;
Warum ist Erziehung wichtig Pädagogik?;
Was ist das Wichtigste in der Erziehung?;
Was ist eine gute Erziehung?;
Was ist die Aufgabe der Erziehung?;
Warum ist Struktur für Kinder wichtig?;
Was ist Autorität in der Erziehung?;
Wie wird ein Kind ausgeglichen?;
Was ist das Wichtigste das ich einem Kind vermitteln möchte?;
Was sind erziehungsfehler?;
Was sind gute Konsequenzen für Kinder?;
Was passiert mit Kindern die oft angeschrien werden?;
Wann ist das seelische Wohl des Kindes gefährdet?;
Was mögen Hochbegabte nicht?;
Was ist typisch für Hochbegabte?;
Wie erkennt man intelligente Kinder?;
Was macht Kinder unglücklich?;
Was sind toxische Eltern?;
Was stärkt die Mutter Kind Bindung?;
Was fördert Mutter Kind Bindung?;
Was macht eine gute Beziehung zwischen Eltern und Kindern aus?;
Wie verhält sich ein sicher gebundenes Kind?;
Wie äußert sich eine unsichere Bindung?;
Wie erkennt man unsicher vermeidende Bindung?;
Wie Verhalten sich unsicher vermeidend gebundene Kinder?;
Was macht die Psyche eines Kindes kaputt?;
Was ist das anstrengendste Alter bei Kindern?;
Was ist eine narzisstische Mutter?;
Wann ist die schwierigste Zeit mit Kindern?;
Wie werde ich eine entspanntere Mutter?;
Sind Kinder ihren Eltern etwas schuldig?;
Sind Kinder im Alter für ihre Eltern verantwortlich?;
Warum brechen erwachsene Kinder den Kontakt zu ihren Eltern ab?;
Wie viel Kontakt zur Mutter ist normal?;
Welche Pflichten haben Kinder den Eltern gegenüber?;
Wer zahlt die heimkosten wenn die Rente nicht ausreicht?;
Bin ich für meine alten Eltern verantwortlich?;
Wie viel müssen Kinder zahlen Wenn Eltern ins Heim kommen?;
Was dürfen Kinder nicht?;
Wie oft sollten Kinder im Haushalt helfen?;
Was dürfen Kinder im Haushalt nicht machen?;
Wann dürfen Eltern einen rausschmeißen?;
Sind die Eltern immer schuld?;
Wie lange müssen Eltern für erwachsene Kinder aufkommen?;
Wem steht das Kindergeld zu den Eltern oder den Kindern?;
Kann ich von meinem Volljährigen Kind Miete verlangen?;
Kann ich von meinem Kind Miete verlangen?;
Kann ich meine 21 jährige Tochter rausschmeißen?;
Ist meine Mutter unterhaltspflichtig wenn ich ausziehe?;
Wie Elternschaft gelingt?;
Wie können Erzieher die Eltern unterstützen?;
Wie weise ich die Elterneigenschaft nach?;
Hat jeder Elterneigenschaft?;
Warum Nachweis Elterneigenschaft?;
Wann gilt man als kinderlos?;
Für was braucht der Arbeitgeber die Geburtsurkunde vom Kind?;
Für was braucht der Arbeitgeber die Geburtsurkunde der Kinder?;
Wie wichtig ist Eltern-Kind-Beziehung?;
Wer muss Kinderlosenzuschlag bezahlen?;
Wann entfällt PV Zuschlag?;
Wer muss keinen PV Zuschlag zahlen?;
Wann ist man eine Mutter?;
Was sind schwere erziehungsfehler?;
Wie merkt man eine gute Mutter Kind Bindung?;
Warum sollte man Kinder nicht anschreien?;
Welches Kindesalter am anstrengendsten?;
Was passiert wenn ich mein Kind anschreit?;
Wie verhält sich eine toxische Mutter?;
Was man als Eltern nicht tun sollten?;
Was ist das Wichtigste für ein Kind?;
Wie können Eltern ihre Kinder stärken?;
Was passiert mit Kindern die nicht geliebt werden?;
In welchem Alter werden die meisten Mutter?;
Was braucht ein Kind von seiner Mutter?;
Wie baut man eine gute Bindung zu einem Kind auf?;
Wann ist ein Kind sozial emotional auffällig?;
Was kann das Urvertrauen zerstören?;
Wie zeigt sich fehlendes Urvertrauen?;
Was sind verlustängste bei Kindern?;
Kann man sein inneres Kind selbst heilen?;
Wie beruhige ich das innere Kind?;
Was verletzt das innere Kind?;
Wie erkennt man manipulierte Kinder?;
Wann entfremden sich Kinder?;
Was ist das PAS Syndrom?;
Warum ist die Stiefmutter immer die böse?;
Wie nennt man Kinder deren Eltern nicht verheiratet sind?;
Was macht eine gute Stiefmutter aus?;
Warum ist Teilen bei Kindern wichtig?;
Ist es einfacher mit zwei Kindern?;
Wie reagieren wenn Kind respektlos ist?;
Wie Eltern ihre Kinder prägen?;
Was lernen Kinder von den Eltern?;
Wie wichtig sind Eltern für Kinder?;
Wie kann ich mein Kind zu einem glücklichen Menschen erziehen?;
Was ist das Wichtigste bei Familien?;
Wie bringe ich Ruhe in meine Familie?;
Kann Familie krank machen?;
Wie zeige ich meinem Kind Grenzen?;
Warum provozieren Kinder ihre Eltern?;
Wie erkennt man eine bindungsstörung?;
Warum wollen erwachsene Kinder keinen Kontakt zu Eltern?;
Wie erkenne ich ob meine Mutter Narzisst ist?;
Wie erkenne ich eine gute Mutter Kind Bindung?;
Wann ist die Liebe zu Ende?;
Wann ist es besser sich zu trennen?;
Was ist das Schwierigste Alter bei Kindern?;
Was sind die 4 Trennungsphasen?;
Wie Männer Beziehungen zerstören?;
Was ist der häufigste Grund für eine Trennung?;
Was macht kleine Kinder glücklich?;
Welche Strafen sind bei Kindern sinnvoll?;
Warum Kinder Tyrannen werden und Eltern daran schuld sind?;
Was darf man Kindern nie sagen?;
Was macht schimpfen mit Kindern?;
Wie erkennt man vernachlässigte Kinder?;
Wie merkt mein Kind das ich es Liebe?;
Wie verhält sich ein glückliches Kind?;
Wo beginnt seelische Misshandlung?;
Was zählt unter seelische Grausamkeit?;
Warum bin ich so aggressiv zu meinem Kind?;
Was ist Stille Bestrafung?;
Welche Fehler können Eltern machen?;
Was braucht man für eine gute Erziehung?;
Warum ist Erziehung wichtig und notwendig?;
Was sind Erziehungsstrategien?;
Welche Rolle spielt die Familie bei der Erziehung?;
Was ist Erziehung Schlagwörter?;
Was sind Merkmale der Erziehung?;
Ist Pädagogik gleich Erziehung?;
Welche Art von Eltern gibt es?;
Was macht einen guten Erziehungsstil aus?;
Wie ist die Erziehung heute?;
Was macht eine schlechte Erziehung aus?;
Welche Fehler gibt es in der Erziehung?;
Was passiert wenn man Kinder ohne Grenzen erzieht?;
Was sind direkte Erziehungsmittel?;
Was ist eine direkte erziehungsmaßnahme?;
Was sind pädagogische Konsequenzen Beispiele?;
Welche 3 Lernziele gibt es?;
Wo beginnt Erziehung?;
Wie heißen die drei Erziehungsstile?;
Was ist keine Erziehung?;
Welche Pflichten Aufgaben haben Eltern gegenüber ihren Kindern?;
Welche Sätze sind typisch für Eltern?;
Was vermitteln Eltern ihren Kindern?;
Welche 5 Bedürfnisse gibt es?;
Was sind die 3 Bedürfnisse?;
Warum ist eine erziehungspartnerschaft wichtig?;
Was ist der Unterschied zwischen Elternarbeit und erziehungspartnerschaft?;
Wie funktioniert Elternarbeit?;
Wie kann eine Erziehungspartnerschaft in der Kita konkret umgesetzt werden?;
Welche Kompetenzen muss eine Erzieherin haben?;
Welche Aufgaben haben Eltern und Erzieher?;
Was Eltern Kinder nie verzeihen?;
Was haben Eltern für Pflichten?;
Wie sollte Elternarbeit sein?;
Warum ist Elternarbeit heute nicht mehr zeitgemäß?;
Was bedeutet Partizipation für Eltern?;
Warum sind Eltern Experten für ihre Kinder?;
Was ist wichtig für die Arbeit mit Kindern?;
Wie wichtig ist die Mutter für das Kind?;
Was ist mir als Mutter wichtig?;
Was ist wichtig in der Kita?;
Welche Erziehungspartnerschaften gibt es?;
Was ist das Wichtigste als Erzieherin?;
Was erwarten Eltern von einer Erzieherin?;
Was ist das Ziel einer Erziehungs und Bildungspartnerschaft?;
Warum haben Kinder kein Respekt vor Eltern?;
Wann sind Eltern toxisch?;
Was schuldet das Kind den Eltern gemäss Gesetz?;
Welche Pflichten hat die Mutter gegenüber Vater?;
Wann ist das Kind am schwierigsten?;
Wie erkennt man eine bindungsstörung zum Kind?;
Welche Eigenschaften machen gute Eltern aus?;
Was versteht man unter einer guten Mutter?;
Was eine Mutter wirklich bedeutet?;
Welche erziehungsstile gibt es Pädagogik?;
Warum hört mein Kind erst wenn ich schreie?;
Haben Eltern das Recht das Handy zu kontrollieren?;
Was mit der Psyche von Kindern passiert die angeschrien werden?;
Was können pädagogische Ziele sein?;
Was gehört alles zu Erziehung?;
Was passiert wenn Kinder ohne Grenzen aufwachsen?;
Warum benötigen Kindererziehung?;
Was ist eine schlechte Erziehung?;
Was passiert wenn Kinder keine Struktur haben?;
Was sind Konsequenzen in der Erziehung?;
Was Macht autoritäre Erziehung mit Kindern?;
Welche Werte sollte eine Erzieherin haben?;
Was ist Kindern besonders wichtig?;
Welche Werte sind in der Familie wichtig?;
Wann ist ein Kind am anstrengendsten?;
Was können Eltern bei der Erziehung falsch machen?;
Wie zeigt man Kindern Respekt?;
Wie entsteht Respektlosigkeit bei Kindern?;
Ist Bestrafung pädagogisch sinnvoll?;
Warum lachen Kinder wenn man schimpft?;
Wie Verhalten sich manipulierte Kinder?;
Was tun wenn mein Kind mich provoziert?;
Welchen Humor haben Hochbegabte?;
Wie sprechen Hochbegabte?;
Was können Hochbegabte nicht?;
Wie Spielen Hochbegabte Kinder?;
Was malen Hochbegabte Kinder?;
Sind Hochbegabte Kinder verhaltensauffällig?;
Wie zeigen Kinder Überforderung?;
Wie erkennt man unglückliche Kinder?;
Was Eltern ihren Kindern nicht sagen sollten?;
Was sind narzisstische Eltern?;
Warum brechen Eltern den Kontakt zu ihren Kindern ab?;
Was macht eine starke Mutter aus?;
Wie viele Bezugspersonen braucht ein Kind?;
Wann ist eine Mutter Kind Beziehung zu eng?;
Was sollten Eltern ihren Kindern bieten?;
Welchen Einfluss haben Eltern auf Kinder?;
Warum ist die Bindung bei der Eltern-Kind-Beziehung wichtig?;
Wie erkennt man eine sichere Mutter Kind Beziehung?;
Wie erkennt man eine Bindungsstörung zum Kind?;
Wie erkennt man eine Bindungsstörung?;
Wie bekomme ich eine bessere Bindung zu meinem Kind?;
Wie erkennt man eine gute Bindung?;
Wann ist Bindung abgeschlossen?;
Wie entstehen Bindungsstörungen bei Kindern?;
Ist eine Bindungsstörung eine Persönlichkeitsstörung?;