Was braucht man für katzenzubehör?;
Wie viel kostet eine Katze im Monat?;
Wie kann ich meine wohnungskatze beschäftigen?;
Sind 2 Katzen teurer als eine?;
Was braucht eine Katze in der Wohnung?;
Kann man auch nur eine Katze alleine halten?;
Was ist die beliebteste Katze Farbe?;
Wie viel darf eine Katze am Tag essen?;
Wie oft muss eine Katze gefüttert werden?;
Wie erkenne ich ob meine Katze glücklich ist?;
Wie erkenne ich ob meine Katze unglücklich ist?;
Kann eine Katze beleidigt sein?;
Welche Katze kuschelt am liebsten?;
Sind Katzen traurig wenn sie alleine sind?;
Können 2 Katzen auf ein Klo gehen?;
Wo soll Katze in der ersten Nacht schlafen?;
Wo stellt man am besten ein Katzenklo auf?;
Wie lange darf man eine Katze alleine zu Hause lassen?;
Ist eine wohnungskatze unglücklich?;
Kann eine Katze eifersüchtig sein?;
Ist es Tierquälerei Katzen in der Wohnung zu halten?;
Welche Farbe macht Katzen aggressiv?;
Welche Katze ist die schönste Katze der Welt?;
Was bedeutet das M bei Katzen?;
Ist es gut Katzen nur Trockenfutter zu geben?;
Wann ist die beste Zeit um Katzen zu füttern?;
Was trinken die Katzen?;
Was darf man einer Katze nicht zu fressen geben?;
Was ist wenn die Katze miaut?;
Wie oft muss ich das Katzenstreu wechseln?;
Was ist der größte Liebesbeweis einer Katze?;
Warum schläft meine Katze bei mir im Bett?;
Sollte man Katzen zudecken?;
Warum duckt sich meine Katze Wenn ich sie streicheln will?;
Warum folgt mir meine Katze auf Schritt und Tritt?;
Können Katzen Liebe spüren?;
Kann eine Katze fernsehen?;
Wie kann man sich bei einer Katze entschuldigen?;
Kann eine Katze weinen?;
Welche Schlafplätze mögen Katzen?;
Wer ist die Bezugsperson bei einer Katze?;
Welche Katze kann gut alleine sein?;
Was bedeutet wenn die Katze am Fußende schläft?;
Kann ich meine Katze 14 Tage alleine lassen?;
Was bedeutet es wenn Katzen einen anspringen?;
Was ist besser Katzenklo mit oder ohne Deckel?;
Wie oft sollte man eine Katze am Tag füttern?;
Wie oft muss man eine Katzentoilette reinigen?;
Was beruhigt Katzen nachts?;
Soll man für Katzen das Licht anlassen?;
Was machen Katzen nachts in der Wohnung?;
Wie stinkt das Katzenklo nicht mehr?;
Was kann man machen damit das Katzenklo nicht stinkt?;
Was machen Katzen den ganzen Tag in der Wohnung?;
Wie zeigt eine Katze das sie traurig ist?;
Was tun wenn die Katze raus will aber nicht darf?;
Kann eine Katze Lächeln?;
Wie nachtragend sind Katzen?;
Was ist der Feind der Hauskatze?;
Wie lange sollte man am Tag mit seiner Katze spielen?;
Was sind coole katzennamen?;
Was ist das Wichtigste für eine Katze?;
Welche Katze ist die ruhigste?;
Wie sagt die Katze Hallo?;
Was ist die seltenste Farbe bei Katzen?;
Wie oft muss eine Katze Stuhlgang haben?;
Können Katzen 1 Tag ohne Nassfutter?;
Was ist das gesündeste Essen für Katzen?;
Was darf man Katzen nicht geben?;
Kann man Katzen Leitungswasser geben?;
Kann ich meiner Katze Joghurt geben?;
Was hassen Katzen am meisten?;
Soll man Katzen im Bett schlafen lassen?;
Wo sterben Katzen am liebsten?;
Können Katzen verstehen was wir sagen?;
Wie reagieren Katzen wenn man weint?;
Was tun wenn die Katze nervt?;
Wie oft Kotstücke entfernen auf dem Katzenstreu?;
Was ist besser Klumpstreu oder nicht Klumpendes Streu?;
Warum miaut meine Katze auf dem Klo?;
Wie sagen Katzen danke?;
Wie sagt man Katze ich Liebe dich?;
Was bedeutet es wenn meine Katze auf mir schläft?;
Was denkt meine Katze Wenn ich sie küsse?;
Wie merkt meine Katze dass ich sie Liebe?;
Warum sollte man nicht mit Katzen im Bett schlafen?;
Wie spricht man mit Katzen?;
Was bedeutet es wenn meine Katze mir auf Schritt und Tritt folgt?;
Wo werden Katzen nicht gerne gestreichelt?;
Kann man eine Katze 1 Woche alleine lassen?;
Warum machen Katzen einen Buckel wenn man sie streichelt?;
Was spüren Katzen wenn man sie streichelt?;
Wie kann ich meiner Katze zeigen das ich sie Liebe?;
Was mögen Katzen beim Kuscheln?;
Kann eine Katze ihren Besitzer erkennen?;
Was passiert wenn man mit der Katze nicht spielt?;
Wie schimpfe ich mit einer Katze?;
Was beruhigt Katzen bei Angst?;
Wie gucken Katzen Wenn Sie Angst haben?;
Was heißt auf Katzensprache nein?;
Warum duckt sich meine Katze Wenn ich sie Streicheln will?;
Kann eine Katze lachen?;
Was die Katzen nicht mögen?;
Was mögen Katzen ganz besonders?;
Warum beißt meine Katze mich beim Streicheln?;
Kann eine Katze sich entschuldigen?;
Wo soll Katze nachts schlafen?;
Sollte man immer 2 Katzen halten?;
Wann ist es zu kalt für Katzen?;
Warum nervt mich meine Katze nachts?;
Sind Katzen traurig wenn sie von der Mutter getrennt werden?;
Was spüren Katzen bei Menschen?;
Warum schmust meine Katze zuerst und dann beißt sie?;
Wo ist der beste Ort für das Katzenklo?;
Wie oft geht eine Katze am Tag aufs Klo?;
Ist eine offene oder eine geschlossene Katzentoilette besser?;
Was tun wenn Katzentoilette stinkt?;
Wie schlafen Katzen wenn sie traurig sind?;
Was tun wenn die Katze morgens nervt?;
Sollte man Katzen nachts füttern?;
Ist es Tierquälerei eine Katze in der Wohnung zu halten?;
Kann eine Katze nachtragend sein?;
Was tun wenn Katze immer raus will?;
Warum stinkt katzenkot so extrem?;
Warum Katzenklo ohne Deckel?;
Was statt Katzenstreu?;
Wie oft muss man das Katzenklo wechseln?;
Wann hört katzenurin auf zu stinken?;
Warum beisst mich meine Katze in den Fuß?;
Sollte man Katzen beim Schlafen zudecken?;
Was bedeutet wenn eine Katze mit im Bett schläft?;
Wie viel Zeit sollte man für eine Katze haben?;
Ist es Tierquälerei Katzen an der Leine?;
Kann man eine Katze nachts einsperren?;
Sind Katzen in der Wohnung unglücklich?;
Wie sieht man das eine Katze weint?;
Wie erkennt man das eine Katze weint?;
Wie sagt eine Katze Ich liebe dich?;
Wie entschuldigen bei Katze?;
Warum beißen Katzen wenn man sie streichelt?;
Wie sagt man auf Katzensprache Komm zu mir?;
Wie sieht die Katze den Menschen?;
Was denken Katzen wenn man weint?;
Wie kann man Katzen nachts beschäftigen?;
Wann merkt man das der Katze langweilig ist?;
Auf welchen Namen hören Katzen?;
Können Katzen auf ihren Namen hören?;
Wo schläft eine Katze am liebsten?;
Wer schmust mehr Katze oder Kater?;
Welche Katzenrasse kuschelt am meisten?;
Wie sagt man auf Katzensprache nein?;
Welche Farbe macht Katzen müde?;
Ist ein rohes Ei gut für Katzen?;
Was dürfen Katzen auf jeden Fall nicht essen?;
Ist Thunfisch gut für Katzen?;
Wie oft trinkt Katze am Tag?;
Ist abgestandenes Wasser schädlich für Katzen?;
Warum trinken Katzen nicht neben dem Futter?;
Kann man Katzen gekochtes Ei geben?;
Kann eine Katze Brot essen?;
Kann man Katzen Käse geben?;
Was mögen Katzen streicheln?;
Warum leckt und beißt meine Katze mich?;
Wie verabschiedet sich eine Katze?;
Kann eine Katze jemanden vermissen?;
Was sind die 5 Sterbephasen?;
Wie sagt man auf Katzensprache Hallo?;
Wie bedankt sich eine Katze?;
Warum machen Katzen beim Streicheln den Po hoch?;
Werden Katzen traurig wenn man sie abgibt?;
Welches Katzenklo ist besser offen oder geschlossen?;
Wie voll macht man ein Katzenklo?;
Welches Katzenstreu ist Testsieger?;
Warum gibt es kein Katzenstreu mehr?;
Wie lange kommt man mit einem Sack Katzenstreu aus?;
Warum rennen Katzen abends durch die Wohnung?;
Was bedeutet es wenn mein Katze mich mit der Nase Anstupst?;
Was bedeutet es wenn die Katze bei einem im Bett schläft?;
Warum beißt mich meine Katze?;
Wie wählen Katzen ihren Lieblingsmensch?;
Was will meine Katze wenn sie miaut?;
Was ist für Katzen unwiderstehlich?;
Wo mögen es Katzen am meisten gestreichelt zu werden?;
Was heißt auf Katzensprache Komm her?;
Kann eine Katze frieren?;
Warum guckt meine Katze mich immer an?;
Wie zeigt man einer Katze was sie nicht darf?;
Können Katzen Tiere im Fernsehen erkennen?;
Was bedeutet es wenn die Katze um die Beine streicht?;
Was bedeutet es wenn Katzen ihren Bauch zeigen?;
Welche Berührungen mögen Katzen?;
Wann ist eine Katze unglücklich?;
Was bedeutet es wenn Katzen ihre Pfote auf einen legen?;
Was sehen Katzen im Fernsehen?;
Wie lange darf man eine Katze alleine lassen?;
Wie kann ich meiner Katze zeigen dass ich sie lieb habe?;
Wie weint eine Katze?;
Was bedeutet es wenn die Katze beisst?;
Was bedeutet es wenn meine Katze mich ablegt?;
Was denkt meine Katze wer ich bin?;
Warum schreit meine Katze mich an?;
Wie sagt man einer Katze nein?;
Was sollte man mit Katzen nicht machen?;
Warum legt sich meine Katze vor mir auf den Boden?;
Warum haut meine Katze vor mir ab?;
Was mögen Katzen gerne riechen?;
Was bedeutet hallo auf Katzisch?;
Was machen Katzen wenn sie sich freuen?;
Wie zeigt eine Katze Vertrauen?;
Was bedeutet es wenn meine Katze mich putzt?;
Wie man eine Katze grüßt?;
Was machen Katzen wenn sie dich lieben?;
Wo fühlen sich Katzen am wohlsten?;
Soll man Katzen im Bett Schlafen lassen?;
Wo sollte die Katze die erste Nacht Schlafen?;
Sollte man immer das gleiche Katzenfutter füttern?;
Wie schnell vergessen Katzen ihre Besitzer?;
Wie lange ist es ein Kitten?;
Was fühlt eine Katze wenn man sie küsst?;
Wo sollte man Katzen nicht Streicheln?;
Warum mögen es Katzen nicht am Bauch gestreichelt zu werden?;
Wie zeige ich der Katze das Klo?;
Kann man eine Katze ohne Katzenklo halten?;
Wann stinkt Katzenklo?;
Was für ein Katzenstreu ist am besten?;
Wann leert man das Katzenklo?;
Warum folgt mir meine Katze auf die Toilette?;
Wie oft muss man die Katzentoilette säubern?;
Kann man Babypuder ins Katzenklo machen?;
Kann man das Katzenklo einfach umstellen?;
Kann ich meine Katze nur mit Trockenfutter füttern?;
Was bedeutet es wenn eine Katze dich leckt?;
Soll Katze im Bett schlafen?;
Kann man sich bei einer Katze entschuldigen?;
Welche Farbe mögen Katzen nicht?;
Wer ist der Feind der Hauskatze?;
Wie merkt man bei einer Katze Wer die Bezugsperson ist?;
Was will mir meine Katze sagen wenn sie miaut?;
Wie oft muss eine Katze groß machen?;
Wie oft muss eine Katze entwurmt werden?;
Welche Katzentoilette mögen Katzen?;
Wie oft sollte man eine neue Katzentoilette kaufen?;
Warum gibt es zur Zeit kein Katzenstreu?;
Welches Katzenstreu ist besser Aldi oder Lidl?;
Welche Art von Katzenstreu ist das beste?;
Kann man katzenkot in die Toilette werfen?;
Was kann man tun wenn die Katze überall hin macht?;
Wie bekomme ich Katzen Gestank aus der Wohnung?;
Warum pinkelt meine Katze immer auf die Couch?;
Was bedeutet es wenn die Katze einen Anstupst?;
Warum Beißen Katzen plötzlich beim Streicheln?;
Kann sich eine Katze im Spiegel sehen?;
Wie kann ich mit meiner Katze sprechen?;
Wie ist der Tagesablauf von Katzen?;
Was für Geräusche mögen Katzen nicht?;
Wie zeige ich meiner Katze dass ich sie lieb habe?;
Wie bedanken sich Katzen bei Menschen?;
Was heißt es wenn meine Katze mich leckt?;
Wie freuen sich Katzen?;
Was tun Katzen in der Nacht?;
Wie schläft eine glückliche Katze?;
Warum beißt mich meine Katze beim Streicheln?;
Was bedeutet es wenn die Katze miaut?;
Wie kann ich meine Katze zu mir rufen?;
Welchen Namen mögen Katzen?;
Kann eine Katze mich vermissen?;
Sollte man Katzen beim schlafen zudecken?;
Sollte man Katzen im Bett schlafen lassen?;
Wann Katze abends füttern?;
Wie lange braucht eine Katze um sich an ein neues Zuhause zu gewöhnen?;
Warum will Katze nachts kuscheln?;
Welche Katze ist gut für Anfänger?;
Wie sagt man hallo zu Katzen?;
Wie schimpfe ich mit meiner Katze?;
Was mögen Katzen nicht an Menschen?;
Was sind die schönsten Katzen?;
Wie protestiert eine Katze?;
Wie oft muss ich meine Katze füttern?;
Welche Malzpaste ist gut für Katzen?;
Kann eine Katze Joghurt essen?;
Ist Thunfisch ungesund für Katzen?;
Was riechen Katzen am liebsten?;
Ist Käse schlecht für Katzen?;
Was kann man Katzen vom Tisch geben?;
Wie oft muss ich das Katzenklo sauber machen?;
Soll man Katzen Milch geben?;
Wie verabschiede ich mich von meiner Katze?;
Wie oft dürfen Katzen Ei essen?;
Welche Wurst dürfen Katzen essen?;
Was für Obst dürfen Katzen essen?;
Wo Wasser für Katzen hinstellen?;
Was trinken Katzen am liebsten?;
Was ist besser für Katzen Milch oder Wasser?;
Wie oft Wasser von Katzen wechseln?;
Warum mag meine Katze kein Leitungswasser?;
Welche Uhrzeiten Katzen füttern?;
Was stört Katzen beim Schlafen?;
Warum frisst Katze nur Soße vom Nassfutter?;
Was gibt man einer Katze zu essen wenn man kein Katzenfutter hat?;
Sind Pommes gut für Katzen?;
Ist Quark für die Katzen gut?;
Kann ich meiner Katze Salami geben?;
Kann ich meiner Katze Reis geben?;
Ist Gurke gut für Katzen?;
Warum geht meine Katze immer mit mir aufs Klo?;
Was passiert mit einer Katze wenn man sie schlägt?;
Wer ist die Bezugsperson bei der Katze?;
Wann wird eine Katze kuschelig?;
Warum liegen Katzen so gerne auf Menschen?;
Ist es eine Quälerei Katzen in der Wohnung zu halten?;
Was mögen Katzen besonders gern?;
Welches Organ stirbt als letztes?;
Hat ein sterbender Angst?;
Soll man Sterbende in Ruhe lassen?;
Wie sagt eine Katze nein?;
Wie begrüßt mich meine Katze?;
Wo soll Katze nachts Schlafen?;
Was ist die Lieblingsfarbe von Katzen?;
Was empfinden Katzen beim Streicheln?;
Wie lange kann ich meine Katze alleine lassen?;
Wie sagt man einer Katze ich liebe dich?;
Was bedeutet es wenn meine Katze mich leckt?;
