Welche Möglichkeiten gibt es Konflikte zu lösen?;
Wie auf Partner zugehen Nach Streit?;
Wie löst man am besten einen Streit?;
Wie kommuniziere ich besser mit meinem Partner?;
Welche 4 Konfliktarten gibt es?;
Auf welchen 3 Ebenen finden Konflikte statt?;
Wer macht den ersten Schritt nach Streit?;
Wie Funkstille beenden?;
Wie redet man mit jemandem der nicht reden will?;
Was kann man als Wiedergutmachung machen?;
Wie streitet man richtig in einer Beziehung?;
Wie gehe ich mit Konfliktsituationen um?;
Was macht die Liebe kaputt?;
Wann ist es Zeit sich zu trennen Test?;
Welche Beziehungen sind toxisch?;
Was ist der Unterschied zwischen einem Streit und einem Konflikt?;
Was ist ein kalter Konflikt?;
Was sind Konflikte Beispiele?;
Was ist die beste Konfliktprävention?;
Wo fängt ein Konflikt an?;
Welche Ursachen lösen Konflikte aus?;
Was bedeutet Schweigen in einer Beziehung?;
Wie wird meine Beziehung wieder harmonisch?;
Was tun bei Funkstille nach Streit?;
Wie lange Auszeit nach Streit?;
Was tun wenn Partner nach Streit ignoriert?;
Wann ist es besser den Kontakt abbrechen?;
Wie mit Ignoranz des Partners umgehen?;
Was tun wenn der Partner nur noch schweigt?;
Was tun wenn der Partner nicht redet?;
Wie verhalten wenn man jemanden verletzt hat?;
Was sagt man nach einem Streit?;
Was ist die beste Entschuldigung?;
Sollte man sich trennen Wenn man ständig streitet?;
Wie oft streiten ist normal in einer Beziehung?;
Wie streitet man konstruktiv?;
Wie löst man Konflikte friedlich?;
Welche Konfliktlösungsmodelle gibt es?;
Was sollte man bei einem konfliktgespräch vermeiden?;
Wann ist es keine Liebe mehr?;
Was ist Gift für eine Beziehung?;
Kann eine kaputte Liebe wieder heilen?;
Welche Zeit in einer Beziehung ist am schwierigsten?;
Wie erkenne ich dass meine Beziehung am Ende ist?;
Wie verhält sich ein Mann vor der Trennung?;
Was ärgert toxische Menschen?;
Wie verhält sich ein toxischer Mann?;
Wie reagiert ein toxischer Partner auf Trennung?;
Was lösen Konflikte aus?;
Wie man gut streitet?;
Ist es gut wenn man sich nie streitet?;
Was ist ein seelischer Konflikt?;
Was sind Anzeichen für einen Konflikt?;
Wie verhalte ich mich in einem Konflikt?;
Welche Kennzeichen treffen auf einen Konflikt zu?;
Wie löst man Konflikte im Gespräch?;
Was passiert wenn ein Konflikt nicht gelöst wird?;
Wie beginnt man ein schwieriges Gespräch?;
Was passiert im Körper bei Konflikten?;
Wann ist es richtig sich zu trennen?;
Kann Abstand die Beziehung retten?;
Kann man in einer unglücklichen Beziehung wieder glücklich werden?;
Wie kann man als Paar wieder zueinander finden?;
Warum schweigt er nach Streit?;
Ist kontaktabbruch sinnvoll?;
Wie reagiert der Narzisst auf kontaktabbruch?;
Was steckt hinter kontaktabbruch?;
Wie bestraft ein Narzisst seinen Partner?;
Wie soll man sich Verhalten wenn man ignoriert wird?;
Wieso Strafen Narzissten mit ignorieren?;
Wie verhält sich ein Narzisst in der Partnerschaft?;
Ist Schweigen respektlos?;
Ist ein Schweigen eine Antwort?;
Wie soll man auf Schweigen reagieren?;
Wer den Partner angreift wünscht sich Nähe?;
Wie beruhigt man eine verletzte Person?;
Was tun wenn man seelisch verletzt wurde?;
Warum kränkt mich mein Partner?;
Was man im Streit nicht sagen sollte?;
Wie nähert man sich wieder an?;
Wie entschuldigt man sich ehrlich?;
Wie zeige ich das ich etwas bereue?;
Für was sollte man sich nicht entschuldigen?;
Wann ist man kein Paar mehr?;
Was sind die häufigsten Trennungsgründe?;
Wann weiß ich dass die Beziehung keinen Sinn mehr macht?;
In welchem Alter trennen sich die meisten Paare?;
Wann gehen die meisten Beziehungen zu Ende?;
Wie verhalte ich mich nach einem Streit mit dem Partner?;
Wie schaffe ich es im Streit ruhig zu bleiben?;
Wie streitet man weniger in einer Beziehung?;
Wie führe ich ein gutes Streitgespräch?;
Welche Konfliktlösungsmethoden gibt es?;
Was ist eine gute Konfliktlösung?;
Wie fängt man ein konfliktgespräch an?;
Wie verhält sich ein Mann der nicht mehr liebt?;
Was wenn der Partner kein sexuelles Interesse mehr zeigt?;
Wie verhält sich ein toxischer Mann in einer Beziehung?;
Wann ist es zu spät die Beziehung zu retten?;
Wann ist es besser sich zu trennen?;
Wann sollte man sich in einer Beziehung trennen?;
Wie merkt man das man sich trennen sollte?;
Wann soll man aufhören zu kämpfen?;
Wie merke ich dass er mich loswerden will?;
Was ist das Ziel von toxischen Menschen?;
Wie löse ich mich von einer toxischen Person?;
Wie flirtet ein Narzisst?;
Wann ist auch ein Narzisst am Ende?;
Wer ist anfällig für toxische Beziehung?;
Was ist Gift für die Beziehung?;
Was passiert wenn man Konflikte nicht löst?;
Was tun wenn man sich liebt aber nur streitet?;
Wie schaffe ich es das er mir verzeiht?;
Wie oft streitet sich ein gesundes Paar?;
Was sind seelische Symptome?;
Was kann man gegen innere Konflikte tun?;
Welche Arten von Konfliktlösungen gibt es?;
Wie läuft ein Konflikt ab?;
Wie geht man mit ungelösten Konflikten um?;
Wie gehen Sie mit kritischen Situationen um?;
Welche 3 Konfliktsituationen werden unterschieden?;
Wann ist ein Konflikt negativ?;
Wo liegen Ursachen für bewaffnete Konflikte?;
Wann eskaliert ein Konflikt?;
Welche Phasen gibt es in einem Konflikt?;
Wie rede ich mit meinem Partner über Probleme?;
Wie beginne ich ein ernstes Gespräch mit meinem Partner?;
Was tun wenn der Partner nicht mit einem spricht?;
Welche Lösungsstrategien gibt es?;
Wer löst Konflikte?;
Wie entstehen Konflikte in der Kommunikation?;
Warum streitet man sich mit den Menschen die man liebt?;
Wie macht sich Psychischer Stress bemerkbar?;
Kann Streit krank machen?;
Wann ist es zu spät um eine Beziehung zu retten?;
Wann ist es endgültig vorbei?;
Wann ist es an der Zeit sich zu trennen?;
Was sollte man nach der Trennung nicht tun?;
Was ist der beste Weg sich zu trennen?;
Ist Abstand gut nach Streit?;
Was sind das für Menschen die andere ignorieren?;
Was tun wenn jemand keinen Kontakt mehr will?;
Ist Kontaktsperre wirklich gut bei Trennung?;
Warum bricht jemand einfach den Kontakt ab?;
Was mag ein Narzisst nicht?;
Wann bricht der Narzisst zusammen?;
Wie beendet man einen Kontakt?;
Soll ich ihm sagen dass ich keinen Kontakt mehr will?;
Welche Menschen machen Ghosting?;
Welche Sätze verwenden Narzissten?;
Wie teste ich einen Narzissten?;
Wie man einen Narzissten entmachtet?;
Warum tut es so weh wenn man ignoriert wird?;
Wie melden nach Funkstille?;
Ist einem Narzissten alles egal?;
Wann zeigt die Narzissten ihr wahres Gesicht?;
Wann sagt ein Narzisst die Wahrheit?;
Wie zeigen Narzissten ihre Liebe?;
Wie Verhalten sich Narzissten im Bett?;
Kann ein Narzisst ehrlich sein?;
Was ist Stille Bestrafung?;
Was bewirkt Schweigen?;
Was drückt Schweigen aus?;
Warum Schweigen besser ist als reden?;
Wie verhält sich ein Narzisst wenn man ihn ignoriert?;
Wie zeigt sich Respektlosigkeit in der Beziehung?;
Wie tickt ein toxischer Mann?;
Was verletzt den Partner?;
Wie geht man mit seelischen Verletzungen um?;
Wie geht man am besten mit Kränkungen um?;
Warum fühle ich mich so verletzt?;
Was ist der schlimmste seelische Schmerz?;
Was kann ich tun gegen Seelenschmerz?;
Wo spürt man seelischen Schmerz?;
Wie kann ich ihm klar machen dass er mich verliert?;
Warum verliert man den Respekt vor dem Partner?;
Warum ist der Partner respektlos?;
Was ist das Beste nach einem Streit?;
Wie beruhigt man seinen Partner?;
Wie kann ich die Liebe neu entfachen?;
Wie bekommt man wieder Feuer in die Beziehung?;
Warum liebt man plötzlich nicht mehr?;
Wie nennt man Leute die sich nicht entschuldigen können?;
Was tun wenn der Partner sich nicht entschuldigen kann?;
Wie entschuldigt man sich von Herzen?;
Wie entschuldigt man sich am besten bei seinem Partner?;
Sollte man sich nach einem Streit entschuldigen?;
Kann ein Narzisst sich entschuldigen?;
Was sagen anstatt entschuldigen?;
Wie erkenne ich ob ich mich trennen sollte?;
Wann eine Beziehung keinen Sinn mehr macht?;
Wer beendet häufiger eine Beziehung?;
Wann ist die schwierigste Zeit in einer Beziehung?;
Ist Sexverweigerung ein Scheidungsgrund?;
In welchem Alter halten Beziehungen am längsten?;
Wie erkenne ich ob ich ihn noch Liebe?;
Wie reagiert man am besten auf Schweigen?;
Wie schafft man es sich nicht mehr zu ärgern?;
Wie lerne ich ruhiger und gelassener zu werden?;
Wie viel Streit ist normal in einer Beziehung?;
Wie beendet man einen langen Streit?;
Welche drei Schritte sind bei einer Konfliktlösung notwendig?;
Wie gewinne ich einen Konflikt?;
Wie Deeskaliert man Konflikte?;
Was sollte in Konfliktsituationen vermieden werden?;
Was sind Konfliktlösungsmodelle?;
Welche Phasen hat ein konfliktgespräch?;
Wie verhält sich ein Mann Wenn er sich trennen will?;
Was löst sexuelles Verlangen aus?;
Was bewirkt Enthaltsamkeit beim Mann?;
Wann weiß ich dass eine Beziehung zu Ende ist?;
Wie fängt eine toxische Beziehung an?;
Wie kann man wieder zueinander finden?;
Wie kann man wieder Nähe aufbauen?;
Wann sollte ich mich nicht trennen?;
Wann lohnt es sich nicht mehr um eine Beziehung zu kämpfen?;
Wie fängt man ein trennungsgespräch an?;
Wie kann ich eine kaputte Beziehung retten?;
Kann man wirklich jede Beziehung retten?;
Was darf in einer Beziehung nicht fehlen?;
Was nervt toxische Menschen?;
Haben toxische Menschen eine Persönlichkeitsstörung?;
Was sagt man einem Narzissten zum Abschied?;
Was sind die Schwächen von Narzissten?;
Wie merkt man dass man benutzt wird?;
Was ist der Unterschied zwischen toxisch und narzisstisch?;
Welche Sätze sagen Narzissten?;
Was können Narzissten nicht ertragen?;
Wann fängt der Narzisst an sein wahres Gesicht zu zeigen?;
Wie redet ein Narzisst?;
Welche Frauen gefallen Narzissten?;
Wie Verhalten sich Frauen mit wenig Selbstwertgefühl?;
Was zerstört die Beziehung?;
Was ist ein Beziehungskiller?;
Welche Methoden gibt es um Konflikte zu lösen?;
Wie kommuniziert man in Konflikten?;
Wie merke ich dass ich mich trennen will?;
Wann sollte man nicht mehr verzeihen?;
Wie damit umgehen wenn der Partner einen verletzt?;
Wie mit Fehlern des Partners umgehen?;
Welche Art von Beziehung hält am längsten?;
Was hält zwei Menschen zusammen?;
Wann kriselt es in einer Beziehung?;
Wo beginnt ein Konflikt?;
Was gibt es für Konflikte Beispiele?;
Was kann einen Konflikt deeskalieren?;
Was ist ein psychischer Konflikt?;
Wie äußert sich emotionale Erschöpfung?;
Wie verhält sich eine depressive Frau?;
Was löst depressive Schübe aus?;
Wie kann ich in einem Streit ruhig bleiben?;
Wie erkenne ich innere Konflikte?;
Welcher Ebene um Konflikte zu vermeiden?;
Wie fange ich ein konfliktgespräch an?;
Wie beginnt ein konstruktives konfliktgespräch?;
Warum muss ich bei Konflikten immer weinen?;
Wann ist ein Konflikt gelöst?;
Wie lösen Sie schwierige Situationen?;
Wie zeigt sich Belastbarkeit?;
Welche Kompetenz ist Konfliktfähigkeit?;
Wie entsteht ein Konflikt Beispiel?;
Wie nennt man einen Konflikt zwischen zwei Personen?;
Welche Gefühle lösen Konflikte aus?;
Warum sollte man Konflikte nicht vermeiden?;
Was sind gewaltsame Konflikte?;
Wie moderiert man ein konfliktgespräch?;
Wie kann ich ohne Vorwürfe kommunizieren?;
Wie verhält man sich bei einem Streit?;
Was ist ein verdeckter Konflikt?;
Was sind Deeskalationsstufen?;
Was ist typisch für einen Konflikt?;
Wie kann man deeskalierend wirken?;
Was tun wenn der Partner respektlos wird?;
Wie sage ich ihm dass er respektlos ist?;
Wie kann ich die Beziehung retten?;
Wie kann ich meine Konfliktfähigkeit verbessern?;
Was tun wenn der Konflikt trotzdem eskaliert?;
Wie gewinnt man ein Konflikt?;
Wann ist es sinnvoll eine Beziehung zu beenden?;
Wie merkt man das man einen Nervenzusammenbruch hat?;
Wie bekomme ich meine Seele gesund?;
Wann macht eine Beziehung depressiv?;
Wann ist eine Beziehung krank?;
Warum bleiben Paare zusammen wenn sie nicht glücklich sind?;
Wie kann ich testen ob er mich noch liebt?;
In welchem Jahr gehen die meisten Beziehungen kaputt?;
Wann ist es zu spät Beziehung?;
Kann die Liebe plötzlich weg sein?;
Was soll man in einer Beziehung auf keinen Fall tun?;
Kann eine Pause eine Beziehung retten?;
Wie gelingt ein Neustart in der Beziehung?;
Wie kann man eine kaputte Beziehung wieder aufbauen?;
Wie kommt die Liebe wieder zurück?;
Können Gefühle für jemanden wieder kommen?;
Wie viele Paare trennen sich und kommen wieder zusammen?;
Wann lohnt es sich nicht mehr zu kämpfen?;
Wann über Trennung nachdenken?;
Was stört Männer in einer Beziehung?;
Was steckt dahinter Wenn der Partner uns nervt?;
Ist es noch Liebe oder nur Gewohnheit?;
Was ist das Schlimmste nach einer Trennung?;
Wie lange dauert die schlimmste Phase der Trennung?;
Warum habe ich Angst mich zu trennen?;
Wie ticken toxische Menschen?;
Warum mauern Männer nach Streit?;
Wie beendet man am besten einen Streit?;
Was bewirkt schweigen?;
Was sagt Ignoranz über eine Person aus?;
Warum bestraft man mit Schweigen?;
Wann sollte man jemanden ignorieren?;
Wie verhält man sich bei kontaktabbruch?;
Warum verletzt er mich obwohl er mich liebt?;
Wann sollte man aufhören um die Liebe zu kämpfen?;
Wann sollte man um die Liebe kämpfen?;
Kann Liebe nach Trennung wieder kommen?;
Wie reagiere ich wenn er sich nicht meldet?;
Warum plötzlich Funkstille?;
Was Narzissten am meisten hassen?;
Wann ist ein Narzisst traurig?;
Warum lügt der Narzisst?;
Wie gebe ich eine nette Abfuhr?;
Wie sage ich ihm am besten ab?;
Wie verhält sich ein Mann der es ernst meint?;
Ist es ihm wirklich egal?;
Wann sollte ich ihm nicht mehr schreiben?;
Was bewirkt Kontaktsperre nach der Trennung?;
Was sagt Ghosting über Charakter aus?;
Wie fängt Ghosting an?;
Was ist Mosting?;
Welches Sternzeichen ist ein Narzisst?;
Was schreckt Narzissten ab?;
Wie trickst man einen Narzissten aus?;
Wie erkennt man sofort einen Narzissten?;
Wie verhält sich ein Narzisst wenn man ihn durchschaut hat?;
Wie kann man einen Narzissten in die Schranken weisen?;
Wann wird der Narzisst gefährlich?;
Was ist ein toxischer Mann?;
Wann beginnt ein Mann eine Frau zu vermissen?;
Was muss ich tun damit er mich vermisst?;
Was kann man schreiben wenn man ignoriert wird?;
Wie behandelt ein Narzisst seine Partnerin?;
Welche Partner suchen sich Narzissten?;
Wie bringe ich einen Narzissten zum Nachdenken?;
Wie sehen die Augenbrauen von Narzissten aus?;
Wie lange hält in der Regel eine Beziehung mit einem Narzissten?;
Warum grinsen Narzissten oft?;
Was für Sätze sagen Narzissten?;
Wie zeigt ein Narzisst seine Liebe?;
Wann fliegt ein Narzisst auf?;
Was ärgert den Narzissten am meisten?;
Wie lügt ein Narzisst?;
Was machen Narzissten wenn man sie ignoriert?;
Ist ignorieren die beste Rache?;
Wie schaffe ich kontaktabbruch?;
Was tun wenn man mit Schweigen bestraft wird?;
Was tun wenn der Partner nicht mehr redet?;
Ist Schweigen besser als Reden?;
Ist Schweigen Gold?;
Wie schafft man es mehr zu reden?;
Wann merkt man dass man sich trennen will?;
Wann ist die Liebe vorbei?;
Was tun wenn der Partner mauert?;
Was tun wenn es jemandem schlecht geht?;
Kann ein Partner einen psychisch krank machen?;
Wie bestraft ein Narzisst seine Partnerin?;
Wie zeige ich meinem Partner Grenzen auf?;
Was tun wenn der Partner ständig kritisiert?;
Wie verhält sich ein Narzisst in einer Beziehung?;
Was tun wenn man emotional verletzt ist?;
Wie verhalte ich mich wenn mein Partner mich verletzt?;
Was heilt die Psyche?;
Wie heilt man seelischen Schmerz?;
Was macht Demütigung mit der Psyche?;
Wie man nicht mehr verletzt wird?;
Wie schafft man es nicht alles persönlich zu nehmen?;
Was tun wenn der Partner einen sehr verletzt hat?;
Warum mache ich meinem Partner Vorwürfe?;
Was tun wenn die Seele schreit?;
Wie fühlt sich Seelenschmerz an?;
Wieso tut Liebe so weh?;
Warum tut seelischer Schmerz so weh?;
Können seelische Wunden heilen?;
Was macht Menschen seelisch krank?;
Was ist der schlimmste Schmerz den man spüren kann?;
Was macht uns seelisch krank?;
Wann fängt ein Mann an zu bereuen?;
Bin ich ihm so egal?;
Wie verhalte ich mich bei Respektlosigkeit?;
Was tun wenn der Partner provoziert?;
Wie bekommt er wieder Respekt vor mir?;
Kann man verlorenen Respekt wieder aufbauen?;
Welches Jahr ist das schwerste in einer Beziehung?;
Wie merkt man dass man ihn nicht mehr liebt?;
Sollte man sich trennen Wenn man unglücklich ist?;
Kann aus Abneigung wieder Liebe werden?;
Was tun wenn man körperliche Nähe vermisst?;
Was zerstört eine Beziehung?;
Wie bekomme ich wieder frischen Wind in die Beziehung?;
Kann man Gefühle zurückholen?;
Sollte man sich trennen Wenn man sich nicht mehr liebt?;
Wie merkt man dass man sich entliebt hat?;
Was anstatt Entschuldigung sagen?;
Wie nennt man jemanden der alles schlecht redet?;
Wie nennt man Menschen die keine Fehler zugeben können?;
Wie merkt er dass er mich verletzt?;
Welche Fehler entschuldigen Sie am ehesten?;
Wie kann man sich süß entschuldigen?;
Wie mache ich nach einem Streit den ersten Schritt?;
Wie kann man einen großen Fehler wieder gut machen?;
Wie kann man sich höflich entschuldigen?;
Wie sieht eine echte Entschuldigung aus?;
Was schreiben statt tut mir leid?;
Wie kann ich sagen dass es mir leid tut?;
Wann sollte man sich nicht trennen?;
Was sind die 4 Trennungsphasen?;
Wann ist die Liebe zu Ende?;
Ist eine Frau verpflichtet mit ihrem Mann zu schlafen?;
Wann lässt der Sexualtrieb bei Männern nach?;
Wie merke ich ob es die grosse Liebe ist?;
Wie viele Partner hat man im Leben?;
Woher weiß ich ob die Beziehung hält?;
Wie fühlt sich tiefe Liebe an?;
Ist er nur aus Gewohnheit mit mir zusammen?;
Was kann man machen wenn der Partner keine Gefühle mehr hat?;
Wie reagiere ich mich am besten ab?;
Wie beruhigt man jemanden der wütend ist?;
Wie nennt man jemanden der sich über alles aufregt?;
Wie schafft man es sich nicht über andere zu ärgern?;
Wie schaffe ich es nicht zu reagieren?;
Wie findet man innere Ruhe und Zufriedenheit?;
Wann ist es an der Zeit eine Beziehung zu beenden?;
Welche Möglichkeiten der Konfliktlösung gibt es?;
Was kann man tun wenn ein Konflikt eskaliert?;
Wie kann man Konflikte konstruktiv lösen?;
Wann ist nachgeben sinnvoll?;
Wie funktioniert Konfliktmanagement?;
Welche Regeln gibt es für ein konfliktgespräch?;
Was sind emotionale Konflikte?;
Wann hat ein Mann abgeschlossen?;
Wann sollte man sich trennen Mann?;
Wie merke ich dass er mich verlassen will?;
Wann merke ich dass er mich nicht mehr liebt?;
Welches Mittel macht Frauen scharf?;
Welches Hormon macht Frauen scharf?;
Was macht sexentzug mit einem?;
Was passiert wenn man lange nicht ejakulieren?;
Wie lange sollte ein Mann enthaltsam sein?;
Bin ich toxisch oder er?;
Wie erkenne ich das wir nicht zusammen passen?;
Wann tut Abstand einer Beziehung gut?;
Wann ist die Beziehung nicht mehr zu retten?;
Wann ist es sinnlos um eine Beziehung zu kämpfen?;
Wie oft kommen Paare wieder zusammen?;
Was tun wenn der Partner Abstand will?;
Was tun wenn der Partner auf Abstand geht?;
Wann hat die Beziehung keine Zukunft mehr?;
Soll ich mich trennen obwohl ich ihn Liebe?;
Was macht ein toxischer Mann?;
Warum bin ich so unglücklich in meiner Beziehung?;
Wer beendet öfter die Beziehung?;
Wann muss man loslassen?;
Wie Männer Beziehungen zerstören?;
Wie merke ich dass er die Beziehung nicht mehr will?;
Wie Entliebt sich ein Mann?;
Welche Worte sagen eine Trennung voraus?;
Wie trennt man sich am besten wenn man zusammen wohnt?;
Wann ist es zu spät für eine Paartherapie?;
Was sollte man seinem Partner nicht erzählen?;
Was vermisst du am meisten an einer Beziehung?;
Wie merkt man das jemand toxisch ist?;
Wie löst man sich von einer toxischen Person?;
Wie gut lügen Narzissten?;
Was macht Narzissten traurig?;
Was bringt einen Narzissten zum Nachdenken?;
Wie erkennt man die wahre Liebe?;
Wann tut der Partner nicht mehr gut?;
Wie merke ich das keine Liebe mehr da ist?;
Woher weiß ich dass ich mich trennen soll?;
Wie verhält sich Narzisst nach Streit?;
Ist ein Narzisst ehrlich?;
Was Narzissten hassen?;
Wie zeigt man Narzissten Grenzen auf?;
Was sind die typischen Merkmale eines Narzissten?;
Wie ein Narzisst dich manipuliert?;
Hat ein Narzisst zwei Gesichter?;
Wie lachen Narzissten?;
Welche Sätze hassen Narzissten?;
Was zerstört einen Narzissten?;
Was macht Narzissten Angst?;
Wer wird Opfer von Narzissten?;
Welchen Partner braucht ein Narzisst?;
Wie verhalten sich Narzissten im Bett?;
Wer ist anfällig für Narzissten?;
Wie helfe ich meinem Partner selbstbewusster zu werden?;
Was selbstbewusste Menschen nicht tun?;
Was schadet dem Selbstbewusstsein?;
Was ist das Schlimmste was man in einer Beziehung machen kann?;
Was zerstört Beziehung?;
Was blockiert die Liebe?;
Was können erste Signale für Konflikte sein?;
Wie bleibe ich neutral?;
Wie geht man wieder aufeinander zu?;
Wer macht ersten Schritt nach Streit?;
Wie merkt man dass eine Beziehung zu Ende ist?;
Wann wird es am schwierigsten in der Beziehung?;
Was tun wenn man den Partner verletzt hat?;
Wer nicht verzeihen kann?;
Warum verletzt mich mein Partner?;
Sollte man Lügen verzeihen?;
Warum kritisiere ich ständig meinen Partner?;
Wann ist eine Beziehung zum Scheitern verurteilt?;
Ist es normal in einer Beziehung zu zweifeln?;
Kann man Liebe wieder aufbauen?;
Was lässt Beziehungen scheitern?;
Was ist für Männer das Wichtigste in einer Beziehung?;
Was die meisten Paare falsch machen?;
Wie kann ich die Beziehung wieder auffrischen?;
Welche beziehungstypen passen nicht zusammen?;
Können Seelen miteinander verbunden sein?;
Wie oft findet man die wahre Liebe?;
Wann sollte man eine Beziehung aufgeben?;
Was löst Konflikte?;
Welche Konfliktlösungsmöglichkeiten gibt es?;
Was sind deeskalierende Maßnahmen?;
Was ist der depressive grundkonflikt?;
Was ist ein innerer Konflikt Beispiel?;
Wie merkt man dass man ausgebrannt ist?;
Warum fühle ich mich so kaputt?;
Was kann man tun wenn einem alles zu viel wird?;
Wie spricht ein depressiver Mensch?;
Was sind stille Depressionen?;
Welche Wörter benutzen depressive Menschen?;
Ist Ruhe gut bei Depressionen?;
Was tut Depressiven Menschen gut?;
Was ist der beste Stimmungsaufheller?;
Was tun nach einem heftigen Streit?;
Wie löse ich Konflikte?;
Wie fängt man ein Streitgespräch an?;
Wie Verhalten sich Menschen in Konflikten?;
Was ist ein beziehungskonflikt Beispiel?;
Welche negative Wirkung kann ein Konflikt haben?;
Wann ist man Konfliktfähig?;
Wie entstehen Konflikte Psychologie?;
Wie sollte ein guter Umgang mit Konflikten sein?;
Wie beuge ich Konflikte vor?;
Wie führt man ein erfolgreiches konfliktgespräch?;
Wie kann man Konflikte frühzeitig erkennen?;
Was passiert wenn man zu viel weint?;
Warum ist man nach dem Weinen so kaputt?;
Was bedeutet Weinen in der Psychologie?;
Wie meistert man schwierige Situationen?;
Was war Ihr größter Fehler Beispiele?;
Wie gehen Sie mit Konflikten um richtige Antwort?;
Wann ist man psychisch belastbar?;
Was bedeutet psychisch nicht belastbar?;
Wie wird man wieder belastbar?;
Warum vermeide ich Konflikte?;
Welche Fragen stellt ein Mediator?;
In welchen Berufen braucht man Konfliktfähigkeit?;
Wie verhaltet man sich nach einem Streit?;
Was sind häufige Folgen ungelöster Konflikte?;
Wie entsteht ein Konflikt Glasl?;
Wie gehen Menschen mit Konflikte um?;
Was wenn Kommunikation nicht funktioniert in Beziehung?;
Was tun wenn der Partner nur Vorwürfe macht?;
Was sind seelische Störungen?;
Welche psychischen Krisen gibt es?;
Was ist der ödipale Konflikt?;
Wie kommuniziere ich Deeskalierend?;
Was tun wenn es eskaliert?;
Was ist deeskalierende Kommunikation?;
Wie kann man einen Streit vermeiden?;
Wie kann ich Eskalationen vermeiden?;
Warum eskaliert Streit?;
Wie verhält sich ein toxischer Partner?;
Wie zeigt sich mangelnder Respekt?;
Wie reagiert man wenn man respektlos behandelt wird?;
Wann verliert man den Respekt vor dem Partner?;
Wie macht sich ein Konflikt bemerkbar?;
Was tun wenn der Partner einem immer die Schuld gibt?;
Was tun wenn man nach Streit ignoriert wird?;
In welchen Stufen eskalieren Konflikte?;
Wie löst man einen Konflikt?;
Wie merkt man dass man unglücklich in einer Beziehung ist?;
Hat eine Beziehung ohne Vertrauen noch Sinn?;
Wie äußert sich psychische Überforderung?;
Wie kündigt sich Zusammenbruch an?;
Was ist ein stiller Nervenzusammenbruch?;
Was tun gegen psychischen Zusammenbruch?;
Wie merke ich dass es mir psychisch nicht gut geht?;
Welches Essen tut der Seele gut?;
Was die Seele beruhigt?;
Wann wird eine Beziehung zur Belastung?;
Wann ist eine Beziehung kaputt Test?;
Was kann ich tun um meine Beziehung zu retten?;
Welche Berührungen zeigen Liebe?;
Wie merkt man dass er sich trennen will?;
In welchem Alter trennen sich Paare am meisten?;
Wann bist du ihm egal?;
Wann ist der Punkt erreicht eine Beziehung zu beenden?;
Wie finde ich heraus ob ich ihn noch Liebe?;
Wie merkt man das man in der Beziehung unglücklich ist?;
Wie verhalte ich mich wenn mein Partner eine Auszeit will?;
Wann macht es Sinn für eine Beziehung zu kämpfen?;
Wie verhalte ich mich in einer Beziehungskrise?;
Kann Distanz Nähe schaffen?;
Wie schnell vergeht Liebe?;
Was tun wenn die Liebe nicht mehr da ist?;
In welcher Phase trennen sich die meisten Paare?;
Wie merkt man das man ein Narzisst ist?;
Ist mein Mann wirklich ein Narzisst?;
Wann ist Liebe krankhaft?;
Welche Figur finden Männer attraktiv?;
Wie bringe ich wieder Feuer in die Beziehung?;
Wann ist eine Liebe nicht mehr zu retten?;
Wann sollte man sich trotz Liebe trennen?;
Wie erkenne ich dass er mich nicht mehr liebt?;
Wann beendet ein Mann eine Beziehung?;
Wie kommt man über jemanden hinweg den man liebt?;
Wann sollte man sich trennen Psychologie?;
Warum bleibt er in einer unglücklichen Beziehung?;
Wie grenze ich mich von toxischen Menschen ab?;
Kann ein toxischer Mensch sich ändern?;
Wie kann man eine lange Beziehung wieder auffrischen?;
Wie merke ich dass ich in der Beziehung nicht glücklich bin?;