Was sind die besten Spielzeuge für Katzen?;
Was hilft bei Katzen gegen Langeweile?;
Wie kann ich meine wohnungskatze beschäftigen?;
Wie Katzen tagsüber beschäftigen?;
Wie kann man Katzen richtig auspowern?;
Was haben Katzen besonders gern?;
Wie erkenne ich ob meine Katze glücklich ist?;
Wie erkenne ich ob meine Katze unglücklich ist?;
Kann eine Katze beleidigt sein?;
Was tun wenn die Katze nervt?;
Wie viel Zeit sollte ich mit meiner Katze verbringen?;
Ist eine wohnungskatze unglücklich?;
Wo fühlen sich Katzen am wohlsten?;
Ist es schlimm wenn Katzen tagsüber alleine sind?;
Wie beschäftigt man Katzen wenn sie alleine sind?;
Was ist der größte Liebesbeweis einer Katze?;
Wie lange sollte man täglich mit einer Katze spielen?;
Wird Katzen in der Wohnung langweilig?;
Was bedeutet es wenn die Katze bei einem im Bett schläft?;
Was ist für Katzen unwiderstehlich?;
Wo schläft eine Katze am liebsten?;
Sollte ich meine Katze zudecken?;
Was spüren Katzen wenn man sie streichelt?;
Warum guckt meine Katze mich immer an?;
Warum duckt sich meine Katze Wenn ich sie streicheln will?;
Warum folgt mir meine Katze auf Schritt und Tritt?;
Können Katzen Liebe spüren?;
Was bedeutet es wenn die Katze einen Anstupst?;
Kann eine Katze fernsehen?;
Kann eine Katze weinen?;
Werden Katzen traurig wenn man sie abgibt?;
Kann eine Katze sich entschuldigen?;
Sollten Katzen nachts raus?;
Wie lange Katze täglich alleine lassen?;
Kann ich meine Katze 14 Tage alleine lassen?;
Wie oft muss ich das Katzenklo sauber machen?;
Was tun wenn die Katze raus will aber nicht darf?;
Wie viel kostet mich eine Katze im Monat?;
Hat eine Katze nur eine Bezugsperson?;
Wie sagt man auf Katzensprache Hallo?;
Wie sagt man Katze ich liebe dich?;
Wie schimpfe ich mit meiner Katze?;
Hat die Katze ein Zeitgefühl?;
Was machen Katzen den ganzen Tag in der Wohnung?;
Ist eine Katze traurig wenn sie alleine ist?;
Wie sagen Katzen danke?;
Wie reagieren Katzen wenn man weint?;
Was die Katzen nicht mögen?;
Wie kann ich meine Katze richtig auspowern?;
Wie kann man Katzen nachts beschäftigen?;
Was passiert wenn man mit Katzen nicht spielt?;
Wie lange sollte man am Tag mit seiner Katze spielen?;
Was will meine Katze wenn sie miaut?;
Warum leckt und beißt meine Katze mich?;
Was bedeutet wenn eine Katze mit im Bett schläft?;
Was zieht Katzen magisch an?;
Sollte man Katzen beim schlafen zudecken?;
Warum geht meine Katze immer mit mir aufs Klo?;
Was beruhigt Katzen nachts?;
Warum nervt mich meine Katze nachts?;
Warum duckt sich meine Katze Wenn ich sie Streicheln will?;
Wo soll Katze nachts schlafen?;
Können Katzen merken dass man sie liebt?;
Was bedeutet wenn die Katze am Fußende schläft?;
Was denkt meine Katze Wenn ich sie küsse?;
Was bedeutet es wenn die Katze um die Beine streicht?;
Kann sich eine Katze im Spiegel sehen?;
Wie kann ich meiner Katze zeigen dass ich sie lieb habe?;
Kann eine Katze frieren?;
Warum machen Katzen beim Streicheln den Po hoch?;
Was mögen Katzen beim Kuscheln?;
Was heißt auf Katzensprache nein?;
Kann eine Katze lachen?;
Können Katzen ihren Namen erkennen?;
Können sich Katzen an ihre früheren Besitzer erinnern?;
Wann ist die beste Zeit um Katzen zu füttern?;
Wie sagt man einer Katze ich liebe dich?;
Wie zeigt eine Katze Vertrauen?;
Wie erkennt man die Bezugsperson einer Katze?;
Wann wird eine Katze kuschelig?;
Was machen Katzen nachts in der Wohnung?;
Sind Katzen traurig wenn sie von der Mutter getrennt werden?;
Sind Katzen traurig wenn sie alleine sind?;
Was spüren Katzen bei Menschen?;
Was kann man machen damit das Katzenklo nicht stinkt?;
Wann stinkt Katzenklo?;
Warum Katzenklo mit Deckel?;
Kann man eine Katze nachts einsperren?;
Sind Katzen in der Wohnung unglücklich?;
Was ist die beliebteste Katze Farbe?;
Wie viel darf eine Katze am Tag essen?;
Wie lange kann eine Katze leben?;
Was bedeutet es wenn meine Katze bei mir im Bett schläft?;
Was bedeutet es wenn meine Katze neben mir schläft?;
Wie bedankt sich eine Katze?;
Was sehen Katzen im Fernsehen?;
Warum beißt mich meine Katze beim Streicheln?;
Wie entschuldigen bei Katze?;
Was bedeutet es wenn meine Katze mir auf Schritt und Tritt folgt?;
Sollte man Katzen sich verabschieden lassen?;
Wie lange kann man eine Katze am Tag alleine lassen?;
Kann eine Katze mich vermissen?;
Was bedeutet Wenn eine Katze miaut?;
Was bedeutet es wenn Katzen einen anspringen?;
Sollte man Katzen zudecken?;
Wann ist eine Katze traurig?;
Kann eine Katze nachtragend sein?;
Kann man sich bei einer Katze entschuldigen?;
Wer ist die Bezugsperson bei der Katze?;
Wie sagt man hallo zu Katzen?;
Wie sagt man auf Katzensprache nein?;
Wann ist es zu kalt für Katzen?;
Was machen Katzen wenn sie dich lieben?;
Was mögen Katzen ganz besonders?;
Wie zeigt eine Katze Langeweile?;
Wie viele Stunden am Tag sollte man mit einer Katze spielen?;
Wie oft sollte man am Tag mit der Katze spielen?;
Was nervt Katzen am meisten?;
Wo stellt man das Katzenklo am besten hin?;
Wie sieht man wenn eine Katze weint?;
Wie sagt man Katze ich Liebe dich?;
Wie erkenne ich die Bezugsperson einer Katze?;
Warum Beißen Katzen plötzlich beim Streicheln?;
Warum beißt mich meine Katze?;
Was Katzen auf keinen Fall essen dürfen?;
Wie gucken Katzen Wenn Sie Angst haben?;
Kann eine Katze Fernsehen?;
Wie schnell vergessen Katzen ihre Besitzer?;
Warum schaut mir meine Katze beim Duschen zu?;
Warum will Katze nachts kuscheln?;
Wie oft am Tag Katzenklo sauber machen?;
Warum dreht die Katze abends durch?;
Kann eine Katze in der Wohnung glücklich sein?;
Warum sollte man nicht mit Katzen im Bett schlafen?;
Wo mögen es Katzen am meisten gestreichelt zu werden?;
Soll man Katzen im Bett Schlafen lassen?;
Was denken Katzen Wenn man miaut?;
Wie merkt man das Katzen sich freuen?;
Welche Berührungen mögen Katzen?;
Was passiert wenn man mit der Katze nicht spielt?;
Können Katzen das Fernsehbild erkennen?;
Wie sehen Katzen aus wenn sie traurig sind?;
Was bedeutet es wenn meine Katze ihre Pfote auf meine Hand legt?;
Wie spricht man mit Katzen?;
Was sollte man bei Katzen nicht tun?;
Was bedeutet hallo auf Katzisch?;
Welche Farbe mögen Katzen nicht?;
Wie weint Katze?;
Welche Wörter können Katzen verstehen?;
Auf welchen Namen hören Katzen am besten?;
Wie sehen Katzen Gesichter?;
Was tun Katzen in der Nacht?;
Was ist das gesündeste Essen für Katzen?;
Ist es gut Katzen nur Trockenfutter zu geben?;
Wie lange sollte man täglich mit Katze Spielen?;
Wie nachtragend sind Katzen?;
Warum beißt meine Katze mich beim Streicheln?;
Können Katzen schlechte Menschen erkennen?;
Wo sollte man Katzen nicht Streicheln?;
Sollte man Katzen beim Schlafen zudecken?;
Ist es eine Quälerei Katzen in der Wohnung zu halten?;
Woher weiß ich wer die Bezugsperson meiner Katze ist?;
Kann man eine Katze 1 Woche alleine lassen?;
Was Katzen überhaupt nicht mögen?;
Kann sich eine Katze an mich erinnern?;
Was braucht eine Katze in der Wohnung?;
Was ist besser Katzenklo mit oder ohne Deckel?;
Warum stinkt katzenkot so extrem?;
Was tun damit Wohnung nicht nach Katze riecht?;
Kann man Babypuder ins Katzenklo machen?;
Wie oft geht eine Katze am Tag aufs Klo?;
Kann man den Ort des Katzenklo umstellen?;
Was ist der größte Liebesbeweis von Katzen?;
Was bedeutet es wenn meine Katze auf mir schläft?;
Was macht Katzen müde?;
Welche Farbe macht Katzen aggressiv?;
Welche Katze ist auf Platz 1?;
Welche Katze ist die schönste Katze der Welt?;
Wie lange kann man Katzenfutter im Napf stehen lassen?;
Wie viel sind 9 Katzenjahre in menschenjahre?;
Wie alt ist eine 21 jährige Katze in menschenjahren?;
Wie merkt meine Katze dass ich sie Liebe?;
Wie sagt man auf Katzensprache?;
Wo soll Katze nachts Schlafen?;
Was Katzen gar nicht mögen?;
Soll man Katzen im Bett schlafen lassen?;
Warum mögen es Katzen nicht am Bauch gestreichelt zu werden?;
Was für Geräusche mögen Katzen nicht?;
Wie schimpfe ich mit einer Katze?;
Warum beißen Katzen wenn man sie streichelt?;
Wie zeigt eine Katze das sie traurig ist?;
Wo Sterben Katzen am liebsten?;
Was empfindet ein Tier beim Einschläfern?;
Sind 3 Katzen besser als 2?;
Wie viel sollte man mit einer Katze spielen?;
Können Katzen verstehen was wir sagen?;
Kann man eine Katze zudecken?;
Wie schläft eine glückliche Katze?;
Was passiert wenn man seine Katze ignoriert?;
Welche Stellen lieben Katzen?;
Warum duckt sich eine Katze wenn man sie streichelt?;
Wie begrüßen Katzen Menschen?;
Was bedeutet es wenn Katzen ihre Pfote auf einen legen?;
Was will mir meine Katze sagen wenn sie miaut?;
Warum sollten Katzen nicht im Bett schlafen?;
Warum beisst mich meine Katze beim Schmusen?;
Wie weint eine Katze?;
Was fühlen Katzen wenn man sie küsst?;
Was passiert wenn man mit Katzen schimpft?;
Was beruhigt Katzen bei Angst?;
Was kann ich mit meiner Katze machen wenn mir langweilig ist?;
Haben Katzen Angst wenn sie alleine sind?;
Was bedeutet es wenn eine Katze beisst?;
Was denken Katzen wenn man weint?;
Wann frieren Katzen in der Wohnung?;
Warum kommen Katzen zu einem ins Bett?;
Was fühlen Katzen wenn man sie streichelt?;
Wie zeigt man eine Katze Liebe?;
Wie erkenne ich ob meine Katze friert?;
Was ist zu kalt für Katzen?;
Können Katzen Menschen am Geruch erkennen?;
Wo sollte die Katze die erste Nacht Schlafen?;
Wie oft muss ich mit meiner Katze spielen?;
Welches Katzenspielzeug ist sinnvoll?;
Wie power ich meine Katze aus?;
Warum springt meine Katze mich an und beißt?;
Warum drehen Katzen nach dem Klo durch?;
Wie oft muss eine Katze am Tag aufs Klo?;
Was bedeutet es wenn die Katze die Hand leckt?;
Was bedeutet es wenn die Katze beisst?;
Ist es Tierquälerei eine Katze in der Wohnung zu halten?;
Wie erkennt man das eine Katze weint?;
Wie viel Zeit sollte man für eine Katze haben?;
