Was tun wenn Menschen Grenzen überschreiten?;
Warum fällt es mir schwer Grenzen zu setzen?;
Wie lernt man Grenzen zu setzen?;
Was Narzissten hassen?;
Wie kann ich mich innerlich abgrenzen?;
Wie gelingt emotionale Abgrenzung?;
Was ist eine Grenzüberschreitung?;
Was passiert wenn man keine Grenzen setzt?;
Was sind persönliche Grenzen Beispiele?;
Was sind gesunde Grenzen?;
Welche Sätze sagen Narzissten?;
Wie man einen Narzissten entmachtet?;
Wann bricht der Narzisst zusammen?;
Wie äußert sich emotionale Überforderung?;
Wie löst man sich emotional von einer Person?;
Wie lernt man emotional distanzieren?;
Wie grenze ich mich von Problemen anderer ab?;
Wann ist man emotional abhängig?;
Wo beginnt Übergriffiges Verhalten?;
Was ist wichtig beim Grenzen setzen?;
Was sind psychische Grenzen?;
Was tun wenn Grenzen nicht akzeptiert werden?;
Wie schütze ich meine Grenzen?;
Warum überschreitet jemand Grenzen?;
Welche Grenzen Arten gibt es?;
Warum Regeln und Grenzen wichtig sind?;
Wie zeige ich meinem Partner Grenzen?;
Wie teste ich einen Narzissten?;
Wie gut lügen Narzissten?;
Wie kann man Narzissten verunsichern?;
Welche Sätze hassen Narzissten?;
Was schreckt Narzissten ab?;
Wie kann man Narzissten überlisten?;
Wann ist ein Narzisst traurig?;
Wann zeigt die Narzissten ihr wahres Gesicht?;
Was machen Narzissten wenn man sie ignoriert?;
Wie erkenne ich ob ich psychisch belastet bin?;
Was ist der schlimmste emotionale Schmerz?;
Was macht man wenn einem alles zu viel wird?;
Welche Beziehungen sind toxisch?;
Wie kommt man von jemanden los?;
Warum klammert ein Mensch?;
Warum geht jemand auf Abstand?;
Wie kann man lernen loszulassen?;
Was macht man mit Menschen die einem nicht gut tun?;
Ist es Liebe oder Gewohnheit?;
Warum fixiert man sich auf eine Person?;
Ist es Abhängigkeit oder Liebe?;
Warum Verhalten sich manche Menschen Distanzlos?;
Wo beginnt psychische Misshandlung?;
Wie respektiere ich Grenzen?;
Wie kann ich einem Narzissten Grenzen setzen?;
Wie Konsequenzen durchsetzen?;
Was ist das Gegenteil von Grenzen?;
Wie setze ich liebevoll Grenzen?;
Wann werden Grenzen überschritten?;
Wer passt gar nicht zum Schützen?;
Wie verhält sich ein Schütze im Streit?;
Wie reagieren wenn Grenzen überschritten werden?;
Was bedeutet es hält sich in Grenzen?;
Was sind Grenzen im Leben?;
Was sind gesunde Grenzen in einer Beziehung?;
Wann hat ein Mann Respekt vor einer Frau?;
Wie kann man einen Narzissten überlisten?;
Welches Sternzeichen ist ein Narzisst?;
Wie kann man einen Narzissten fertig machen?;
Wie kann man einen Narzissten in die Schranken weisen?;
Was ärgert den Narzissten am meisten?;
Wann sagt ein Narzisst die Wahrheit?;
Wie ein Narzisst dich manipuliert?;
Wann wird der Narzisst gefährlich?;
Wie reagiert der Narzisst auf kontaktabbruch?;
Wie sehen die Augenbrauen von Narzissten aus?;
Wann ist auch ein Narzisst am Ende?;
Welche Partner suchen sich Narzissten?;
Was können Narzissten nicht ertragen?;
Wie Verhalten sich gekränkte Narzissten?;
Würde sich ein Narzisst entschuldigen?;
Was tut man gegen seelische Belastung?;
Wie äußert sich eine kranke Seele?;
Was kann man tun wenn einem alles zu viel wird?;
Wie heilt man seelischen Schmerz?;
Warum tut es so weh wenn man ignoriert wird?;
Wie sieht der Zusammenbruch bei Burnout aus?;
Wie merke ich dass mir alles zuviel wird?;
Wie kann ich sagen dass es mir nicht gut geht?;
Was ärgert toxische Menschen?;
Wie merkt man dass man unglücklich in einer Beziehung ist?;
Wann ist es richtig sich zu trennen?;
Wie vergesse ich eine Person die mich verletzt hat?;
Wann sollte man einen Menschen gehen lassen?;
Was sind das für Menschen die anhänglich sind?;
Wie viel Nähe ist normal?;
Was steckt hinter Klammern?;
Warum behandelt er mich so respektlos?;
Was tun bei Nähe Distanz Problem?;
Kann Distanz Nähe schaffen?;
Wie kann man mit der Vergangenheit abschließen?;
Wie Entliebe ich mich Psychologie?;
Wie gehe ich mit Dingen um die ich nicht ändern kann?;
Was sind das für Menschen die andere ignorieren?;
Was ist eine toxische Person?;
Wie geht man am besten mit schwierigen Menschen um?;
Wie lerne ich Grenzen zu setzen?;
Wann sollte man die Liebe aufgeben?;
Wo im Körper spürt man Liebe?;
Wann merkt man dass es wirklich Liebe ist?;
Wie Verhalten sich emotional abhängige Menschen?;
Wie merkt man dass man abhängig von einer Person ist?;
Welche Menschen werden emotional abhängig?;
Was ist die schlimmste Abhängigkeit?;
Sollte man sich bei emotionaler Abhängigkeit trennen?;
Wie äußert sich eine psychische Abhängigkeit?;
Warum stellen sich manche Menschen immer in den Vordergrund?;
Bin ich Übergriffig?;
Wie reagieren Menschen auf Distanzloses Verhalten?;
Was zählt unter seelische Grausamkeit?;
Was tun wenn man psychisch fertig gemacht wird?;
Ist seelische Grausamkeit strafbar?;
Wann fliegt ein Narzisst auf?;
Was sind liebevolle Konsequenzen?;
Was sind sinnvolle Konsequenzen?;
Wie erzieht man Respekt?;
Was ist das Gegenteil von Respektlosigkeit?;
Was sind innere Grenzen?;
Welche 3 Sternzeichen passen nicht zusammen?;
Welches Sternzeichen ähnelt Schütze?;
Welche Sternzeichen bleiben immer zusammen?;
Was nervt Schütze?;
Welchen Charakter haben schützen?;
Was sind die Schwächen von Narzissten?;
Welche Grenzen habe ich?;
Sind Grenzen wichtig?;
Wie überschreitet man seine Grenzen?;
Was macht einen liebevollen Partner aus?;
Was bedeutet Liebe ohne Grenzen?;
Wie zeigt sich mangelnder Respekt?;
Wie verhalte ich mich bei Respektlosigkeit?;
Wo beginnt Respektlosigkeit?;
Welche Sätze verwenden Narzissten?;
Was Narzissten am meisten hassen?;
Was ist ein stiller Narzisst?;
Wie erkenne ich sofort einen Narzissten?;
Wie verhalten sich gekränkte Narzissten?;
Was stoppt Narzissten?;
Was sind die toxischen Sternzeichen?;
Welche Menschen zieht ein Narzisst an?;
Kann man mit einem Narzissten diskutieren?;
Was kränkt einen Narzissten am meisten?;
Warum müssen Narzissten lügen?;
Warum grinsen Narzissten oft?;
Wie lachen Narzissten?;
Wie bremse ich einen Narzissten?;
Was ist typisch für Narzissten?;
Sind Narzissten wirklich so böse?;
Sind Narzissten oft müde?;
Welche Spielchen spielen Narzissten?;
Was macht Narzissten Angst?;
Wie einen Narzissten kränken?;
Sollte man einem Narzissten hinterherlaufen?;
Ist ein Narzisst psychisch krank?;
Wie verhalte ich mich nach Streit mit Narzissten?;
Wann Macht der Narzisst Fehler?;
Wie fühlen sich Narzissten wenn man sie ignoriert?;
Haben Narzissten Trennungsschmerz?;
Wann meldet sich Narzisst nach Streit?;
Wie redet ein Narzisst?;
Wie zeigt ein Narzisst seine Liebe?;
Wie erkennt man sofort einen Narzissten?;
Hat ein Narzisst zwei Gesichter?;
Welches Sternzeichen neigt zu Narzissmus?;
Wie äußert sich narzisstische Wut?;
Kann man Narzissten unter Druck setzen?;
Wie merkt man dass die Seele kaputt ist?;
Was ist der größte seelische Schmerz?;
Was passiert mit der Seele wenn man weint?;
Was ist wenn die Seele weint?;
Was ist ein psychischer Zusammenbruch?;
Wie reagiert der Körper auf Überforderung?;
Wo spürt man seelischen Schmerz?;
Wie fühlt sich Seelenschmerz an?;
Warum tut seelischer Schmerz so weh?;
Was blockiert die Liebe?;
Was kann seelischer Stress auslösen?;
Wie reagiert man am besten auf Schweigen?;
Wie fühlt sich ein Burnout im Kopf an?;
Was ist ein stiller Nervenzusammenbruch?;
Warum ist mir plötzlich alles zu viel?;
Was man machen soll wenn einem alles über den Kopf wächst?;
Was ist eine erschöpfungsdepression?;
Was tun wenn die Seele nicht mehr kann?;
Wie bekomme ich meine Seele gesund?;
Warum geht es mir so schlecht ohne Grund?;
Was ist das Ziel von toxischen Menschen?;
Wie löst man sich von toxischen Personen?;
Wie nennt man Menschen die alles verdrehen?;
Wann ist man kein Paar mehr?;
Wann ist es besser sich zu trennen?;
Wie verhält sich ein Mann vor der Trennung?;
Wann sollte ich mich nicht trennen?;
Was sind die häufigsten Trennungsgründe?;
Wie schafft man es die Vergangenheit ruhen zu lassen?;
Wie schließe ich ab?;
Warum loslassen so wichtig ist?;
Wie gelingt es einem loszulassen?;
Wie verhält sich ein toxischer Mann?;
Wie entsteht die ängstlich vermeidende Persönlichkeitsstörung?;
Wie Verhalten sich abhängige Menschen?;
Wie äußert sich eine abhängige Persönlichkeitsstörung?;
Was passiert bei zu viel Nähe?;
Was löst Distanz aus?;
Wann sollte ich auf Distanz gehen?;
Wie Verhalten sich Frauen mit Verlustangst?;
Wann sind Klammern überflüssig?;
Wie wehrt man sich gegen Respektlosigkeit?;
Wie reagiert man wenn man respektlos behandelt wird?;
Wo fängt Respektlosigkeit an?;
Kann plötzlich keine Nähe mehr ertragen?;
Was tun wenn man körperliche Nähe vermisst?;
Welche bindungstypen passen nicht zusammen?;
Was ist psychische Distanz?;
Wie schaffe ich es mich emotional zu distanzieren?;
Warum halte ich an Vergangenheit fest?;
Wie schaffe ich es im Hier und Jetzt zu Leben?;
Warum denke ich zu viel nach?;
Wie verhält sich ein Mann der nicht mehr liebt?;
Wie fängt man ein trennungsgespräch an?;
Wann hört man auf zu lieben?;
Wie lernt man radikale Akzeptanz?;
Wie lasse ich mich nicht von anderen beeinflussen?;
Warum ist akzeptieren so schwer?;
Was sagt Ignoranz über eine Person aus?;
Wie soll man sich Verhalten wenn man ignoriert wird?;
Wie merkt man dass man nur ausgenutzt wird?;
Wie gehe ich mit frechen Menschen um?;
Was tun wenn einem jemand auf die Nerven geht?;
Warum kann ich schlecht Grenzen setzen?;
Wie kommuniziert man Grenzen?;
Wie äußert sich eine emotionale Störung?;
Wie kann ich mich abgrenzen?;
Wann sollte man nicht mehr um eine Beziehung kämpfen?;
Wann eine Beziehung keinen Sinn mehr macht?;
Wann macht es keinen Sinn mehr zu kämpfen?;
Wie kann man indirekt Ich Liebe dich sagen?;
Wie merkt man dass man jemanden wirklich liebt?;
Wie finde ich heraus ob ich ihm wichtig bin?;
Wie merkt man tiefe Liebe?;
Wie fühlt sich tiefe Liebe an?;
Wie fühlt sich der Seelenpartner an?;
Wie kann ich mich emotional von einer Person lösen?;
Wann muss man loslassen?;
Wann ist eine Frau hörig?;
Wie macht man sich nicht emotional abhängig?;
Sollte man sich trennen wenn man emotional abhängig ist?;
Was ist die beste Sexdroge?;
Welche Menschen sind besonders gefährdet süchtig zu werden?;
Was macht sofort süchtig?;
Wo beginnt emotionale Abhängigkeit?;
Hat emotionale Abhängigkeit was mit Liebe zu tun?;
Wie nennt man Menschen die andere von sich abhängig machen?;
Ist psychisch und seelisch dasselbe?;
Wie entsteht seelische Abhängigkeit?;
Wie gehe ich mit Distanzlosen Menschen um?;
Wie geht man mit Menschen um die ständig Aufmerksamkeit brauchen?;
Wie nennt man Menschen die immer Bestätigung brauchen?;
Wie reagieren wenn jemand Übergriffig ist?;
Was ist seelische Gewalt Beispiele?;
Wie merke ich dass es mir psychisch nicht gut geht?;
Was sind Anzeichen für psychische Probleme?;
Was ist seelische Körperverletzung?;
Was fällt unter emotionale Gewalt?;
Ist schreien psychische Gewalt?;
Wie gehe ich mit Grenzüberschreitungen um?;
Wie erzieht man konsequent?;
Warum kann ich nicht konsequent sein?;
Was sind gute Strafen?;
In welchem Alter sind Menschen am aggressivsten?;
Wie setze ich Regeln durch?;
Wie erkennt man eine bindungsstörung?;
Was fällt unter respektloses Verhalten?;
Was ist respektloses Verhalten?;
Wie kann man sich emotional abgrenzen?;
Warum ist Grenzen setzen so schwer?;
Was tun wenn Partner Grenzen nicht akzeptiert?;
Wie nennt man jemanden der immer das Gegenteil macht?;
Wie nennt man eine Person vor der man Respekt hat?;
Ist Respekt und Achtung das gleiche?;
Was ist mangelnde emotionale Abgrenzung von anderen Menschen?;
Wie zeige ich ihm meine Grenzen?;
Wie kann man lernen nein zu sagen?;
Was reizt einen Narzissten?;
Welche Sternzeichen sind nie glücklich?;
Welches Sternzeichen redet nicht viel?;
Welche Sternzeichen sind hinterhältig und falsch?;
Wer passt gar nicht zu Schütze?;
Was passt am schlechtesten zu Schütze?;
Was ist typisch Schütze?;
Was ist das ehrlichste Sternzeichen?;
Welche Sternzeichen brauchen besonders viel Liebe?;
Welcher Sternzeichen ist am treuesten?;
Was macht Schütze glücklich?;
Wie gefährlich ist Schütze?;
Welches Sternzeichen passt zu Schütze Freundschaft?;
Welche Sternzeichen kommen 2023 zusammen?;
Sind schützen gerne alleine?;
Was ist die Lieblingsfarbe von Schütze?;
Ist ein Schütze nachtragend?;
Wie kann ich Narzissten kränken?;
Wie lerne ich Grenzen zu akzeptieren?;
Wie setze ich persönliche Grenzen?;
Wie erkenne ich meine eigenen Grenzen?;
Warum sollte man Grenzen setzen?;
Was ist der Unterschied zwischen Regeln und Grenzen?;
Was versteht man unter grenzverletzung?;
Was sind meine persönlichen Grenzen?;
Wann sind Grenzen überschritten?;
Wann muss ich Grenzen setzen?;
Was ist für Männer das Wichtigste in einer Beziehung?;
Was sollte es nicht in einer Beziehung geben?;
Wie erkenne ich Manipulation in der Beziehung?;
Was sind die Grenzen in einer Beziehung?;
Hat die Liebe Grenzen?;
Was tun wenn man nicht respektiert wird?;
Warum lasse ich mich respektlos behandeln?;
Wie merkt man dass man respektiert wird?;
Warum verliert man den Respekt?;
Wie teste ich ob er ein Narzisst ist?;
Wie ärgert man einen Narzissten am meisten?;
Wie trickst man einen Narzissten aus?;
Wann lässt mich Narzisst in Ruhe?;
Wie mache ich ein Narzisst fertig?;
Wie erniedrigt man einen Narzissten?;
Was ist ein bösartiger Narzisst?;
Wie behandeln Narzissten Ihre Freunde?;
Ist einem Narzissten alles egal?;
Wie fängt Narzissmus an?;
Was passiert mit einem Narzissten wenn er alt wird?;
Wie verhält sich ein Narzisst im Streit?;
Welche Fehler machen Narzissten?;
Welche Sternzeichen haben eine negative Ausstrahlung?;
Welches Sternzeichen bricht die meisten Herzen?;
Welches Sternzeichen ist Gefühlskalt?;
Auf welchen Typ Frau stehen Narzissten?;
Was ärgert einen Narzissten am meisten?;
Wie von Narzissten abgrenzen?;
Was Narzissten gar nicht mögen?;
Wer ist anfällig für Narzissten?;
Was für Augenbrauen haben Narzissten?;
Sind Narzissten oft traurig?;
Kann man einen Narzissten am Aussehen erkennen?;
Kann ein Narzisst lachen?;
Wie reagiert ein Narzisst auf Zurückweisung?;
In welchen Berufen findet man Narzissten?;
Wie hält man Narzissten auf Abstand?;
Wie verhält sich ein Narzisst wenn man ihn durchschaut hat?;
Wie bestraft ein Narzisst seinen Partner?;