PAA Title,Parent,Text,URL,URL Title
Was sind die 10 beliebtesten Katzenrassen?,katzenrassen,Die 10 beliebtesten Katzenrassen im Portrait Platz 1: Die klassische Hauskatze. Platz 2: Die Europäisch Kurzhaar. Platz 3: Die Britisch Kurzhaar. Platz 4: Die Maine-Coon. Platz 5: Die Bengal-Katze. Platz 6: Die Norwegische Waldkatze. Platz 7: Die Siamkatze. Platz 8: Die Ragdoll-Katze. More items... • 7 Nov 2022,https://www.petsdeli.de/magazin/katzen/katze-erziehung/die-10-beliebtesten-katzenrassen-im-portrait,Die 10 beliebtesten Katzenrassen im Portrait mit Bildern - Pets Deli
Welche Katze ist die beste Hauskatze?,katzenrassen,Welche Katzenrasse eignet sich als Wohnungskatze? Abessinier. Balinesen. Britisch Kurzhaar. Exotic Kurzhaar. Maine-Coon. Norwegische Waldkatze. Perser. Ragdoll. 12 Jun 2020,https://www.wirliebenhunter.de/magazin/artikel/wohnungskatzen-was-es-bei-stubentigern-zu-beachten-gilt/,Wohnungskatzen: Was es bei Stubentigern zu beachten gilt
Welche Katzenrassen sind ruhig und verschmust?,katzenrassen,Dann wirf einen Blick auf unsere Liste der 15 freundlichsten Katzenrassen und such dir deine zukünftige Traumkatze aus: Abessinier. ...  Britisch Kurzhaar. ...  Birmakatze. ...  Devon Rex. ...  Europäisch Kurzhaar. ...  Exotic-Shorthair. ...  Maine Coon. ...  Perserkatze. More items... • 31 May 2022,https://www.petsdeli.de/magazin/katzen/katze-erziehung/15-freundliche-katzenrassen,"Freundliche Katzenrassen, die ruhig und verschmust sind - Pets Deli"
Welche Katze ist die Schönste?,katzenrassen,"   Auf Platz eins der Top-5-Liste steht bei uns die British Kurzhaar, eine beliebte Rassekatze, deren Schönheit nicht nur von innen kommt, wie diese Bilder zeigen. Das Fell der ausgeglichenen und kräftig gebauten Katze ist in bestechend schönen Tönen wie Blau oder Lilac gefärbt.","https://einfachtierisch.de/katzen/bilder/die-schoensten-katzenrassen-der-welt-die-qual-der-wahl-37500#:~:text=Auf%20Platz%20eins%20der%20Top,wie%20Blau%20oder%20Lilac%20gef%C3%A4rbt.",Die schönsten Katzenrassen der Welt: Die Qual der Wahl
Was ist die aggressivste Katze?,Was sind die 10 beliebtesten Katzenrassen?,"Die Türkische Van erwies sich als die aggressivste Rasse gegenüber Menschen und Artgenossen, im Gegensatz zur Britisch Kurzhaar, Perser und Cornish Rex. Äußerst schüchtern hingegen sind Russisch Blaue, während Burmas besonders neugierig sind. 25 Jun 2019","https://www.welt.de/kmpkt/article195779599/Der-Charakter-einer-Katze-haengt-von-ihrer-Rasse-und-den-Genen-ab.html#:~:text=Die%20T%C3%BCrkische%20Van%20erwies%20sich,w%C3%A4hrend%20Burmas%20besonders%20neugierig%20sind.",Der Charakter einer Katze hängt von ihrer Rasse und den Genen ab
Welche Katzenrassen Kuscheln am meisten?,Was sind die 10 beliebtesten Katzenrassen?,"Am besten, du wärmst dir schon einmal deine Finger zum Kraulen auf, denn hier kommen die 7 verkuschelsten Katzenrassen: Perserkatze. British Kurzhaar. Burma. Siamkatze. Maine Coon. Chartreux oder Malterserkatze. Ragdoll. 27 Oct 2022",https://www.petsdeli.de/magazin/katzen/katze-erziehung/7-verschmuste-katzenrassen-die-gern-kuscheln,7 verschmuste Katzenrassen & wie deine Katze zutraulich wird - Pets Deli
Welche Katze muss nicht raus?,Welche Katze ist die beste Hauskatze?,"Kennen die Katzen keinen Freilauf und fühlen sich wohl, dann kommt prinzipiell jede Katzenrasse für die Haltung in der Wohnung in Frage. Beliebt sind unter anderem die Maine Coon, Perserkatze, Heilige Birma, Britisch Kurzhaar und Ragdoll. Ein wenig freiheitsliebender sind Norwegische Waldkatzen und Burmas.","https://www.mera-petfood.com/de/katze/ratgeber/wissenswertes/wohnungskatze/#:~:text=Kennen%20die%20Katzen%20keinen%20Freilauf,sind%20Norwegische%20Waldkatzen%20und%20Burmas.",wohnungskatze – Tipps zur Haltung - mera - The Petfood Family
Welche Katze ist auf Platz 1?,Welche Katze ist die beste Hauskatze?,   Platz 1 – Unsere beliebteste Katzenrasse ist die Britisch Kurzhaar. Die Britisch Kurzhaar oder British Shorthair ist eine seit mehreren Jahrzehnten beliebte Katzenrasse – sie erobert sich den ersten Platz als beliebteste Katzenrasse der Miamor-Redaktion.,"https://www.miamor.de/magazin/beliebte-katzenrassen#:~:text=Platz%201%20%E2%80%93%20Unsere%20beliebteste%20Katzenrasse,beliebteste%20Katzenrasse%20der%20Miamor%2DRedaktion.",Die sechs beliebtesten Katzenrassen
Was sind die freundlichsten Katzen?,Welche Katze ist die beste Hauskatze?,"   Ragdoll-Katzen sind sicherlich Top-Anwärter für die freundlichste Rasse. Diese Katzen sind bekannt für ihre gelassene Art und und ihre Freude am Kuscheln, was sie zur perfekten Gefährten macht. Sie sehnen sich nach Zuneigung und werden es lieben, sich auf Ihrem Schoß einzurollen.","https://www.omlet.de/guide/katzen/eine_geeignete_katze_finden/7_freundliche_katzen/#:~:text=Ragdoll%2DKatzen%20sind%20sicherlich%20Top,sich%20auf%20Ihrem%20Scho%C3%9F%20einzurollen.",Diese 7 Katzenrassen sind besonders freundlich | Eine geeignete Katze ...
Was bedeutet es wenn die Katze bei einem im Bett schläft?,Welche Katzenrassen sind ruhig und verschmust?,"Was dafür spricht: Nicht nur die Katze findet diese gemeinsamen Stunden kuschelig und entspannend, sondern auch der Mensch. Die Körperwärme und das Schnurren lassen uns zur Ruhe kommen, helfen uns, das Gedankenkarussell abzustellen und so leichter in den Schlaf zu finden.","https://www.aquatop-aachen.de/katzen-schlafen-im-bett#:~:text=Was%20daf%C3%BCr%20spricht%3A%20Nicht%20nur,in%20den%20Schlaf%20zu%20finden.",Katzen schlafen im Bett - Aquatop Aachen
